apk_entry,sha256,maven_coordinate,aar_entry,aar_sha256
"lib/arm64-v8a/libairbridge_jni.so","dea54e807315b02ba31c2b780953e04c82718d71e6ccdf5b7c0945df5e0e7ccd","com.meta.wearable:mwdat-core:0.8.0","jni/arm64-v8a/libairbridge_jni.so","f7ea3aedefbda4884c515ea5ad071a7adda0b05f991a2fffcfe548c333506f63"
"lib/arm64-v8a/libairshield_light_mbed_jni.so","cfb6cded0b983228a0d671e4ae8304ec8f386adee74a6703aae156533106a7ae","com.meta.wearable:mwdat-core:0.8.0","jni/arm64-v8a/libairshield_light_mbed_jni.so","f7ea3aedefbda4884c515ea5ad071a7adda0b05f991a2fffcfe548c333506f63"
"lib/arm64-v8a/libandroidx.graphics.path.so","41e9a793c43a0f4fddb19e33f346bace464f30f888ba7b9eaf96294ea115bfb6","androidx.graphics:graphics-path:1.0.1","jni/arm64-v8a/libandroidx.graphics.path.so","8ca4032b6d79b351f0b59ad4b580eddbb9423e1652f7c958830687f1eee2ec03"
"lib/arm64-v8a/libc++_shared.so","3e852764502d06e0cf1080d532ae7c608b7649d946a3a9d7e84e3d4b7d683214","com.facebook.fbjni:fbjni:0.7.0","jni/arm64-v8a/libc++_shared.so","7e319ae110ac5e5ef18904170aea5c3e753e915d196699d7fd39d36c8e1dfe36"
"lib/arm64-v8a/libconnection_jni.so","ad39efe26c41778f5477f8047be8402d4daf7538190b7cd25fa97114c9fd4561","com.meta.wearable:mwdat-camera:0.8.0","jni/arm64-v8a/libconnection_jni.so","e8b00fd7d1e412f7ff281c832b6e5773d4715baa879955bd783f0ad94656a67f"
"lib/arm64-v8a/libdatastore_shared_counter.so","deed4546c8dafad0e68ea2c25e4c0a62ca97343614ae386b7ed2af6abb7fa999","androidx.datastore:datastore-core-android:1.2.1","jni/arm64-v8a/libdatastore_shared_counter.so","435edad7bcb1fbb1a2a46de7be4d6daf299479b3328ebf757ebdfe02810cbdd8"
"lib/arm64-v8a/libdatax_jni_local.so","ec0eb432922282ed836a81ed2b56ddafa8313cf32527a6c47e86011c10c4d52d","com.meta.wearable:mwdat-core:0.8.0","jni/arm64-v8a/libdatax_jni_local.so","f7ea3aedefbda4884c515ea5ad071a7adda0b05f991a2fffcfe548c333506f63"
"lib/arm64-v8a/libdouble-conversion.so","fa5d8b943eb91c6a9f90807f76ffe74b0eb478517c940f023b04883ec44a10dd","com.meta.wearable:mwdat-core:0.8.0","jni/arm64-v8a/libdouble-conversion.so","f7ea3aedefbda4884c515ea5ad071a7adda0b05f991a2fffcfe548c333506f63"
"lib/arm64-v8a/libfb.so","d69e22defbb5a9a5824c211fd5f86c24a3c47aa15cdfb60f9ab643d26403ffc2","com.meta.wearable:mwdat-core:0.8.0","jni/arm64-v8a/libfb.so","f7ea3aedefbda4884c515ea5ad071a7adda0b05f991a2fffcfe548c333506f63"
"lib/arm64-v8a/libfbjni.so","a9e35ba55d3f956920281f519385f8a72475ee24819799cb08375fdd4cce2b22","com.facebook.fbjni:fbjni:0.7.0","jni/arm64-v8a/libfbjni.so","7e319ae110ac5e5ef18904170aea5c3e753e915d196699d7fd39d36c8e1dfe36"
"lib/arm64-v8a/libfbjni_kt.so","acce1c8382258cacb7a1605cdbb1f935c11f8e481a1446baca242017725103d3","com.meta.wearable:mwdat-core:0.8.0","jni/arm64-v8a/libfbjni_kt.so","f7ea3aedefbda4884c515ea5ad071a7adda0b05f991a2fffcfe548c333506f63"
"lib/arm64-v8a/libfbsofterror.so","cae395f5b1eeb28b5e987734a93e2da55070aa95196d1e81e69334caaf93efda","com.meta.wearable:mwdat-core:0.8.0","jni/arm64-v8a/libfbsofterror.so","f7ea3aedefbda4884c515ea5ad071a7adda0b05f991a2fffcfe548c333506f63"
"lib/arm64-v8a/libfmt.so","ecae80a1602508482e3f454297afac83ea1b21a93a9ded9ce0e166679bf4c3d3","com.meta.wearable:mwdat-core:0.8.0","jni/arm64-v8a/libfmt.so","f7ea3aedefbda4884c515ea5ad071a7adda0b05f991a2fffcfe548c333506f63"
"lib/arm64-v8a/libglog.so","cfed4b20bdc607fd296f488500b27dc5817331b6ff2f937a46769858cf5a0fae","com.meta.wearable:mwdat-core:0.8.0","jni/arm64-v8a/libglog.so","f7ea3aedefbda4884c515ea5ad071a7adda0b05f991a2fffcfe548c333506f63"
"lib/arm64-v8a/libimage_processing_util_jni.so","3e0071afcdc7e321f839e196d266014182f18d0988e4455acc9857a085b2184e","androidx.camera:camera-core:1.4.1","jni/arm64-v8a/libimage_processing_util_jni.so","6c77068806cf259bbaa7ed955935bf2cd16dc103feb32f7ae3d55823fc9fcfc7"
"lib/arm64-v8a/libjingle_peerconnection_so.so","3e3394bc81f84994cea9ceb5814b6dcd09eae3a0ae8516549d47f3bcaa605757","io.github.webrtc-sdk:android:125.6422.07","jni/arm64-v8a/libjingle_peerconnection_so.so","a0ae793a4539f0da6fc9b71806ace876e50b008c30c66fd2ec5eee38ee030474"
"lib/arm64-v8a/libmanifest_jni.so","1c71e429fb35f0dd19b9a594f58514d46d7e293dabf75a3655a9846a1bc4b3da","com.meta.wearable:mwdat-core:0.8.0","jni/arm64-v8a/libmanifest_jni.so","f7ea3aedefbda4884c515ea5ad071a7adda0b05f991a2fffcfe548c333506f63"
"lib/arm64-v8a/libsession_jni.so","42ca2db43346b2eff2b402b355646ac797907ab1d9561400d0a15734bbbb475a","com.meta.wearable:mwdat-camera:0.8.0","jni/arm64-v8a/libsession_jni.so","e8b00fd7d1e412f7ff281c832b6e5773d4715baa879955bd783f0ad94656a67f"
"lib/arm64-v8a/libsurface_util_jni.so","ee3f0d56f81cc0a301db32dc4fd51274c3216733b4c40172768e38bc5049a265","androidx.camera:camera-core:1.4.1","jni/arm64-v8a/libsurface_util_jni.so","6c77068806cf259bbaa7ed955935bf2cd16dc103feb32f7ae3d55823fc9fcfc7"
"lib/arm64-v8a/libwearable_qpl3p.so","1e0153f02a0a9874e19354ee7f56b31bc4b4f337f685183fd946d25134ba98c5","com.meta.wearable:mwdat-core:0.8.0","jni/arm64-v8a/libwearable_qpl3p.so","f7ea3aedefbda4884c515ea5ad071a7adda0b05f991a2fffcfe548c333506f63"
"lib/arm64-v8a/libxplat_mobilenetwork_third-party_mbedtls3_cryptoAndroid.so","9ae5373b4785672e0e983b882f1bbaa787142a80b0e118fb9dd779248dec87f8","com.meta.wearable:mwdat-core:0.8.0","jni/arm64-v8a/libxplat_mobilenetwork_third-party_mbedtls3_cryptoAndroid.so","f7ea3aedefbda4884c515ea5ad071a7adda0b05f991a2fffcfe548c333506f63"
"lib/arm64-v8a/libxplat_perflogger_base_baseAndroid.so","cb58450107d4b3632e766ea4202edfddab443707ef8f2b47fd752c11cb4e8921","com.meta.wearable:mwdat-core:0.8.0","jni/arm64-v8a/libxplat_perflogger_base_baseAndroid.so","f7ea3aedefbda4884c515ea5ad071a7adda0b05f991a2fffcfe548c333506f63"
"lib/arm64-v8a/libxplat_perflogger_base_qpl_codegen_metadataAndroid.so","b3f8e376a7005f63ba49c614436dc8694d64abaa69d0962f5aa8e9e94a4b5d92","com.meta.wearable:mwdat-core:0.8.0","jni/arm64-v8a/libxplat_perflogger_base_qpl_codegen_metadataAndroid.so","f7ea3aedefbda4884c515ea5ad071a7adda0b05f991a2fffcfe548c333506f63"
"lib/arm64-v8a/libxplat_perflogger_conversions_conversionsAndroid.so","e481f782434ac5347addfe9b59db7949e83ca19d718b640c368146f013b6ff50","com.meta.wearable:mwdat-core:0.8.0","jni/arm64-v8a/libxplat_perflogger_conversions_conversionsAndroid.so","f7ea3aedefbda4884c515ea5ad071a7adda0b05f991a2fffcfe548c333506f63"
"lib/arm64-v8a/libxplat_perflogger_health_counters_health_countersAndroid.so","8a73b6a5bd66c076d8eb575969ddcfa88261e494dde7fb274de7668158cc9c37","com.meta.wearable:mwdat-core:0.8.0","jni/arm64-v8a/libxplat_perflogger_health_counters_health_countersAndroid.so","f7ea3aedefbda4884c515ea5ad071a7adda0b05f991a2fffcfe548c333506f63"
"lib/arm64-v8a/libxplat_perflogger_perfloggerAndroid.so","0575223d330ef536b981a762770aaf7502e6557d58d3059a70e30343d659e2ff","com.meta.wearable:mwdat-core:0.8.0","jni/arm64-v8a/libxplat_perflogger_perfloggerAndroid.so","f7ea3aedefbda4884c515ea5ad071a7adda0b05f991a2fffcfe548c333506f63"
"lib/arm64-v8a/libxplat_perflogger_safe_rollout_qpl_safe_rolloutAndroid.so","667909bc1745727f18214aca287596c94a91c12ee6234e7e0cbccc2a45d920a5","com.meta.wearable:mwdat-core:0.8.0","jni/arm64-v8a/libxplat_perflogger_safe_rollout_qpl_safe_rolloutAndroid.so","f7ea3aedefbda4884c515ea5ad071a7adda0b05f991a2fffcfe548c333506f63"
"lib/arm64-v8a/libxplat_perflogger_structured_data_structured_dataAndroid.so","32aa5e52dc5c999a1e1fcaf690bb25b8b3ded571a0e8fc79c1b2c4381958a069","com.meta.wearable:mwdat-core:0.8.0","jni/arm64-v8a/libxplat_perflogger_structured_data_structured_dataAndroid.so","f7ea3aedefbda4884c515ea5ad071a7adda0b05f991a2fffcfe548c333506f63"
"lib/arm64-v8a/libxplat_perflogger_synchronization_synchronizationAndroid.so","902ec5fd88f31c16b3f1237db6dc149795497a666d06c0087d109ad80a192e42","com.meta.wearable:mwdat-core:0.8.0","jni/arm64-v8a/libxplat_perflogger_synchronization_synchronizationAndroid.so","f7ea3aedefbda4884c515ea5ad071a7adda0b05f991a2fffcfe548c333506f63"
"lib/arm64-v8a/libxplat_perflogger_utils_utilsAndroid.so","f7e74a4f7e18b6738c43d51c75ed456c24c8a9b81de186f793c522f56c43a7ca","com.meta.wearable:mwdat-core:0.8.0","jni/arm64-v8a/libxplat_perflogger_utils_utilsAndroid.so","f7ea3aedefbda4884c515ea5ad071a7adda0b05f991a2fffcfe548c333506f63"
"lib/arm64-v8a/libxplat_secure_lib_secure_stringAndroid.so","605ecc99a80b9b054ca4b9fdbe46a77e03dc2620564c4eef105bf54f549c7318","com.meta.wearable:mwdat-camera:0.8.0","jni/arm64-v8a/libxplat_secure_lib_secure_stringAndroid.so","e8b00fd7d1e412f7ff281c832b6e5773d4715baa879955bd783f0ad94656a67f"
"lib/arm64-v8a/libxplat_wearable_3p_qpl_3PQPL.so","3002a222db1710223a5a58c8fc43cd8cbf16cbb7d430ea2d69e38cb139d71d63","com.meta.wearable:mwdat-core:0.8.0","jni/arm64-v8a/libxplat_wearable_3p_qpl_3PQPL.so","f7ea3aedefbda4884c515ea5ad071a7adda0b05f991a2fffcfe548c333506f63"
"lib/arm64-v8a/libxplat_wearable_comms_calling_hera_engine_configurations_protobuf_nanopbwrapper_supportlibAndroid.so","0fc7ada8ebc35772f4a289cb4e8aea8fc1cc378e09203fbb93801ad611715397","com.meta.wearable:mwdat-camera:0.8.0","jni/arm64-v8a/libxplat_wearable_comms_calling_hera_engine_configurations_protobuf_nanopbwrapper_supportlibAndroid.so","e8b00fd7d1e412f7ff281c832b6e5773d4715baa879955bd783f0ad94656a67f"
"lib/arm64-v8a/libxplat_wearable_comms_calling_hera_shared_audio_audioAndroid.so","fc494fe41e2387d74bcf02ea1f4afa37fc0a441f87d9f090d4ba12be96b0b493","com.meta.wearable:mwdat-camera:0.8.0","jni/arm64-v8a/libxplat_wearable_comms_calling_hera_shared_audio_audioAndroid.so","e8b00fd7d1e412f7ff281c832b6e5773d4715baa879955bd783f0ad94656a67f"
"lib/arm64-v8a/libxplat_wearable_comms_calling_hera_shared_link_linkAndroid.so","de77fc4081737858c9f12fc50f1e881f6b37e9af72d3ebc178c3fa5ee134e006","com.meta.wearable:mwdat-camera:0.8.0","jni/arm64-v8a/libxplat_wearable_comms_calling_hera_shared_link_linkAndroid.so","e8b00fd7d1e412f7ff281c832b6e5773d4715baa879955bd783f0ad94656a67f"
"lib/arm64-v8a/libxplat_wearable_comms_calling_hera_shared_media_mediaAndroid.so","def4dce83c9c358662ee9462b43dbb202b3d622debcdcbf911785316cd237e29","com.meta.wearable:mwdat-camera:0.8.0","jni/arm64-v8a/libxplat_wearable_comms_calling_hera_shared_media_mediaAndroid.so","e8b00fd7d1e412f7ff281c832b6e5773d4715baa879955bd783f0ad94656a67f"
"lib/arm64-v8a/libxplat_wearable_comms_calling_hera_shared_video_passthrough_passthroughAndroid.so","b01a35eba940a88bcbc9f8c02de3e30d84a96607d685ec50a0563393f0293621","com.meta.wearable:mwdat-camera:0.8.0","jni/arm64-v8a/libxplat_wearable_comms_calling_hera_shared_video_passthrough_passthroughAndroid.so","e8b00fd7d1e412f7ff281c832b6e5773d4715baa879955bd783f0ad94656a67f"
"lib/arm64-v8a/libxplat_wearable_comms_calling_hera_shared_video_videoAndroid.so","c495c45d91a5424b694d5c43320fa8ddbd443af8c0541a9a9f11de87bb91fff0","com.meta.wearable:mwdat-camera:0.8.0","jni/arm64-v8a/libxplat_wearable_comms_calling_hera_shared_video_videoAndroid.so","e8b00fd7d1e412f7ff281c832b6e5773d4715baa879955bd783f0ad94656a67f"
"lib/arm64-v8a/libxplat_wearable_warp_core_api_impl_media_mediaAndroid.so","0a121139cb44f937b075c301cba3a5c334b7e65fde512b7c9b28a4286b7a4914","com.meta.wearable:mwdat-camera:0.8.0","jni/arm64-v8a/libxplat_wearable_warp_core_api_impl_media_mediaAndroid.so","e8b00fd7d1e412f7ff281c832b6e5773d4715baa879955bd783f0ad94656a67f"
"lib/arm64-v8a/libxplat_wearable_warp_core_api_impl_transport_device_transport_deviceAndroid.so","a21440ef90b6d1b229c63da0ef54f8dcb04f1c8bf64a72d86e272e1116011434","com.meta.wearable:mwdat-camera:0.8.0","jni/arm64-v8a/libxplat_wearable_warp_core_api_impl_transport_device_transport_deviceAndroid.so","e8b00fd7d1e412f7ff281c832b6e5773d4715baa879955bd783f0ad94656a67f"
"lib/arm64-v8a/libxplat_wearable_warp_core_api_impl_transport_transportAndroid.so","10f621d651f24fe4398a1bde3f09b5542020c8579b94e9e58c07768db882a613","com.meta.wearable:mwdat-camera:0.8.0","jni/arm64-v8a/libxplat_wearable_warp_core_api_impl_transport_transportAndroid.so","e8b00fd7d1e412f7ff281c832b6e5773d4715baa879955bd783f0ad94656a67f"
"lib/arm64-v8a/libxplat_wearable_warp_core_impl_audio_passthrough_audio_passthroughAndroid.so","8527bf6645dcdd2c68f1fb50e66903b3d885501ed1c052e49e24c4eb6ce090e7","com.meta.wearable:mwdat-camera:0.8.0","jni/arm64-v8a/libxplat_wearable_warp_core_impl_audio_passthrough_audio_passthroughAndroid.so","e8b00fd7d1e412f7ff281c832b6e5773d4715baa879955bd783f0ad94656a67f"
"lib/arm64-v8a/libxplat_wearable_warp_core_impl_media_mediaAndroid.so","adcb24c8b1de3730e256f9fb20185eb97a5c491bf5b637e8bf1f7440d0898402","com.meta.wearable:mwdat-camera:0.8.0","jni/arm64-v8a/libxplat_wearable_warp_core_impl_media_mediaAndroid.so","e8b00fd7d1e412f7ff281c832b6e5773d4715baa879955bd783f0ad94656a67f"
"lib/arm64-v8a/libxplat_wearable_warp_core_impl_observability_committers_null_committersAndroid.so","3556fac208e4f3f5bb5c2013f25260a5711fa422d2d820949504a0a34a97d811","com.meta.wearable:mwdat-camera:0.8.0","jni/arm64-v8a/libxplat_wearable_warp_core_impl_observability_committers_null_committersAndroid.so","e8b00fd7d1e412f7ff281c832b6e5773d4715baa879955bd783f0ad94656a67f"
"lib/arm64-v8a/libxplat_wearable_warp_core_impl_observability_observabilityAndroid.so","703737d8277d247a87641e0fc3ba9ac59ecb6dc660ed50aaae82631ec4269d9a","com.meta.wearable:mwdat-camera:0.8.0","jni/arm64-v8a/libxplat_wearable_warp_core_impl_observability_observabilityAndroid.so","e8b00fd7d1e412f7ff281c832b6e5773d4715baa879955bd783f0ad94656a67f"
"lib/arm64-v8a/libxplat_wearable_warp_core_impl_observability_sessions_sessionsAndroid.so","4155de1937c824f47e93697253a2db6f999a79182ad10b184fc265b80087afa0","com.meta.wearable:mwdat-camera:0.8.0","jni/arm64-v8a/libxplat_wearable_warp_core_impl_observability_sessions_sessionsAndroid.so","e8b00fd7d1e412f7ff281c832b6e5773d4715baa879955bd783f0ad94656a67f"
"lib/arm64-v8a/libxplat_wearable_warp_core_impl_transport_device_connection_device_connectionAndroid.so","270031138ed70ae5f627a6a62b370cd96f5f2e38c2c348825b70d7d7fb058d17","com.meta.wearable:mwdat-camera:0.8.0","jni/arm64-v8a/libxplat_wearable_warp_core_impl_transport_device_connection_device_connectionAndroid.so","e8b00fd7d1e412f7ff281c832b6e5773d4715baa879955bd783f0ad94656a67f"
"lib/arm64-v8a/libxplat_wearable_warp_core_impl_transport_dnia_dniaAndroid.so","917065aee1ef9c09701f3055c292779da33b5181faa9dc1afd7e0abddebf5ce0","com.meta.wearable:mwdat-camera:0.8.0","jni/arm64-v8a/libxplat_wearable_warp_core_impl_transport_dnia_dniaAndroid.so","e8b00fd7d1e412f7ff281c832b6e5773d4715baa879955bd783f0ad94656a67f"
"lib/arm64-v8a/libxplat_wearable_warp_core_impl_transport_queue_queueAndroid.so","310690a571b92b86fd4f43d029391c4908b73ff0503b2a078afefa3562e67ca5","com.meta.wearable:mwdat-camera:0.8.0","jni/arm64-v8a/libxplat_wearable_warp_core_impl_transport_queue_queueAndroid.so","e8b00fd7d1e412f7ff281c832b6e5773d4715baa879955bd783f0ad94656a67f"
"lib/arm64-v8a/libxplat_wearable_warp_core_impl_video_passthrough_video_passthroughAndroid.so","94ba098679b3c7055c24b79e47cce620ec1ae649fc2979569f7bf283dc3457b8","com.meta.wearable:mwdat-camera:0.8.0","jni/arm64-v8a/libxplat_wearable_warp_core_impl_video_passthrough_video_passthroughAndroid.so","e8b00fd7d1e412f7ff281c832b6e5773d4715baa879955bd783f0ad94656a67f"
"lib/arm64-v8a/libxplat_wearable_warp_core_os_android_telemetry_atc_null_atc_telemetryAndroid.so","26c116c3adc28aace1d7e7a78a07017343544c130d9bfbcc5e9e39504117690b","com.meta.wearable:mwdat-camera:0.8.0","jni/arm64-v8a/libxplat_wearable_warp_core_os_android_telemetry_atc_null_atc_telemetryAndroid.so","e8b00fd7d1e412f7ff281c832b6e5773d4715baa879955bd783f0ad94656a67f"
"lib/arm64-v8a/libxplat_wearable_warp_exp_rtc_logging_loggingAndroid.so","80ac3f8ff7829fe1ed03d671127ecebe3528d1c2d4f7a43d2a1fc011595290ed","com.meta.wearable:mwdat-camera:0.8.0","jni/arm64-v8a/libxplat_wearable_warp_exp_rtc_logging_loggingAndroid.so","e8b00fd7d1e412f7ff281c832b6e5773d4715baa879955bd783f0ad94656a67f"
"lib/arm64-v8a/libxplat_wearable_warp_utils_analytics_media_mediaAndroid.so","dc2ed7a6a885343b83d2adbb234c0e494ac16e59aaff34f23a035a1cc3945263","com.meta.wearable:mwdat-camera:0.8.0","jni/arm64-v8a/libxplat_wearable_warp_utils_analytics_media_mediaAndroid.so","e8b00fd7d1e412f7ff281c832b6e5773d4715baa879955bd783f0ad94656a67f"
"lib/arm64-v8a/libxplat_wearable_warp_utils_clock_clockAndroid.so","13d726cdd0f5f6ee6ab489b7b6fe991a8064fdf8e1a44fb38e55360f99a79a30","com.meta.wearable:mwdat-camera:0.8.0","jni/arm64-v8a/libxplat_wearable_warp_utils_clock_clockAndroid.so","e8b00fd7d1e412f7ff281c832b6e5773d4715baa879955bd783f0ad94656a67f"
"lib/arm64-v8a/libxplat_wearable_warp_utils_event_eventAndroid.so","e486c8aa2628bb597b792f7f5d8dac1bcd39f32deeba122b04e5282871560fe9","com.meta.wearable:mwdat-camera:0.8.0","jni/arm64-v8a/libxplat_wearable_warp_utils_event_eventAndroid.so","e8b00fd7d1e412f7ff281c832b6e5773d4715baa879955bd783f0ad94656a67f"
"lib/arm64-v8a/libxplat_wearable_warp_utils_h265_parser_null_h265_parser_nullAndroid.so","d8a3097d0c1a3afa1853544cb39676c411d3d61bdd981a47a5ba0f4e54d0bb5d","com.meta.wearable:mwdat-camera:0.8.0","jni/arm64-v8a/libxplat_wearable_warp_utils_h265_parser_null_h265_parser_nullAndroid.so","e8b00fd7d1e412f7ff281c832b6e5773d4715baa879955bd783f0ad94656a67f"
"lib/arm64-v8a/libxplat_wearable_warp_utils_json_jsonAndroid.so","db5e3c054ff48290e80da85e1665a9a5cc0a59140bb66a593f221c33667b6afa","com.meta.wearable:mwdat-camera:0.8.0","jni/arm64-v8a/libxplat_wearable_warp_utils_json_jsonAndroid.so","e8b00fd7d1e412f7ff281c832b6e5773d4715baa879955bd783f0ad94656a67f"
"lib/arm64-v8a/libxplat_wearable_warp_utils_log_logAndroid.so","9f7d4c868749e2f99cb1bd53c3138aed559346428ba73753be2e886dfdc30fc3","com.meta.wearable:mwdat-camera:0.8.0","jni/arm64-v8a/libxplat_wearable_warp_utils_log_logAndroid.so","e8b00fd7d1e412f7ff281c832b6e5773d4715baa879955bd783f0ad94656a67f"
"lib/arm64-v8a/libxplat_wearable_warp_utils_math_mathAndroid.so","8ca2a6594552f878ccd73faf50f6d84257cd0394b277681eb97d9e8b676df3e4","com.meta.wearable:mwdat-camera:0.8.0","jni/arm64-v8a/libxplat_wearable_warp_utils_math_mathAndroid.so","e8b00fd7d1e412f7ff281c832b6e5773d4715baa879955bd783f0ad94656a67f"
"lib/arm64-v8a/libxplat_wearable_warp_utils_memory_memoryAndroid.so","e43a05a0eeaff2811c7998149f4e05d727e6db33cc065dec4fa1a2be6f99b77b","com.meta.wearable:mwdat-camera:0.8.0","jni/arm64-v8a/libxplat_wearable_warp_utils_memory_memoryAndroid.so","e8b00fd7d1e412f7ff281c832b6e5773d4715baa879955bd783f0ad94656a67f"
"lib/arm64-v8a/libxplat_wearable_warp_utils_threads_platform_thread_scopeAndroid.so","0c54b16d3e1d53f5c8a33c00c38a8f24e98f8917401af81c425a62086b6e2484","com.meta.wearable:mwdat-camera:0.8.0","jni/arm64-v8a/libxplat_wearable_warp_utils_threads_platform_thread_scopeAndroid.so","e8b00fd7d1e412f7ff281c832b6e5773d4715baa879955bd783f0ad94656a67f"
"lib/arm64-v8a/libxplat_wearable_warp_utils_threads_threadsAndroid.so","f693603e8076ed9b09a0621936e65a405b0a60afccee790f941ce652617f8641","com.meta.wearable:mwdat-camera:0.8.0","jni/arm64-v8a/libxplat_wearable_warp_utils_threads_threadsAndroid.so","e8b00fd7d1e412f7ff281c832b6e5773d4715baa879955bd783f0ad94656a67f"
"lib/arm64-v8a/libxplat_wearable_warp_utils_tslog_null_engine_tslog_null_engineAndroid.so","938fac42ca51c1c383dc38be70eba68ea84c4ffefba5695fa49c1fa5d9808e1a","com.meta.wearable:mwdat-camera:0.8.0","jni/arm64-v8a/libxplat_wearable_warp_utils_tslog_null_engine_tslog_null_engineAndroid.so","e8b00fd7d1e412f7ff281c832b6e5773d4715baa879955bd783f0ad94656a67f"
"lib/arm64-v8a/libxplat_wearable_xms_api_serviceAndroid.so","a8180bded3ab516dc4717b9017beb0a862214e3993dff3c83a5ad854e0d74769","com.meta.wearable:mwdat-camera:0.8.0","jni/arm64-v8a/libxplat_wearable_xms_api_serviceAndroid.so","e8b00fd7d1e412f7ff281c832b6e5773d4715baa879955bd783f0ad94656a67f"
"lib/arm64-v8a/libxplat_wearable_xms_impl_client_clientAndroid.so","1e394e55a7251028718a66bab51dfca19dfa4b076bb7f37db027ed4344bed5b2","com.meta.wearable:mwdat-camera:0.8.0","jni/arm64-v8a/libxplat_wearable_xms_impl_client_clientAndroid.so","e8b00fd7d1e412f7ff281c832b6e5773d4715baa879955bd783f0ad94656a67f"
"lib/arm64-v8a/libxplat_wearable_xms_impl_providers_staticaudioconfigprovider_staticaudioconfigproviderAndroid.so","e27a2d5aca51091bf894f4dad41bb854dee5bf64aa01e358c68cedcb7f81556a","com.meta.wearable:mwdat-camera:0.8.0","jni/arm64-v8a/libxplat_wearable_xms_impl_providers_staticaudioconfigprovider_staticaudioconfigproviderAndroid.so","e8b00fd7d1e412f7ff281c832b6e5773d4715baa879955bd783f0ad94656a67f"
"lib/arm64-v8a/libxplat_wearable_xms_impl_providers_staticvideoconfigprovider_staticvideoconfigproviderAndroid.so","1f8bce5f91d69496359886e06db08468018b937af194b049131b24d72e927a7d","com.meta.wearable:mwdat-camera:0.8.0","jni/arm64-v8a/libxplat_wearable_xms_impl_providers_staticvideoconfigprovider_staticvideoconfigproviderAndroid.so","e8b00fd7d1e412f7ff281c832b6e5773d4715baa879955bd783f0ad94656a67f"
"lib/arm64-v8a/libxplat_wearable_xms_impl_services_activitymanager_activitymanagerAndroid.so","939edd067eb06cbf4843a435bf04c7017d008bbde3178b3d567258ff06199b9c","com.meta.wearable:mwdat-camera:0.8.0","jni/arm64-v8a/libxplat_wearable_xms_impl_services_activitymanager_activitymanagerAndroid.so","e8b00fd7d1e412f7ff281c832b6e5773d4715baa879955bd783f0ad94656a67f"
"lib/arm64-v8a/libxplat_wearable_xms_impl_services_controlchannel_controlchannelAndroid.so","98cd8b7d5c0834282a0bd7fc5780e924da7f7cd679370ff48974bd1c35c0bac6","com.meta.wearable:mwdat-camera:0.8.0","jni/arm64-v8a/libxplat_wearable_xms_impl_services_controlchannel_controlchannelAndroid.so","e8b00fd7d1e412f7ff281c832b6e5773d4715baa879955bd783f0ad94656a67f"
"lib/arm64-v8a/libxplat_wearable_xms_impl_services_devicebuildinfo_devicebuildinfoAndroid.so","d1b6e03768c1cbaa887309ebd053aab4b404e1dadaf4ff41e2f22ddcc17fa06d","com.meta.wearable:mwdat-camera:0.8.0","jni/arm64-v8a/libxplat_wearable_xms_impl_services_devicebuildinfo_devicebuildinfoAndroid.so","e8b00fd7d1e412f7ff281c832b6e5773d4715baa879955bd783f0ad94656a67f"
"lib/arm64-v8a/libxplat_wearable_xms_impl_services_engagement_engagementAndroid.so","076aec26e3b636b8fbd94e2621e6141e1282d189762f22450214df13e1939c55","com.meta.wearable:mwdat-camera:0.8.0","jni/arm64-v8a/libxplat_wearable_xms_impl_services_engagement_engagementAndroid.so","e8b00fd7d1e412f7ff281c832b6e5773d4715baa879955bd783f0ad94656a67f"
"lib/arm64-v8a/libxplat_wearable_xms_impl_services_framestalldetector_framestalldetectorAndroid.so","297001284b895b4f902535fba88515d73a42e36e43c1c127483ca7978083a650","com.meta.wearable:mwdat-camera:0.8.0","jni/arm64-v8a/libxplat_wearable_xms_impl_services_framestalldetector_framestalldetectorAndroid.so","e8b00fd7d1e412f7ff281c832b6e5773d4715baa879955bd783f0ad94656a67f"
"lib/arm64-v8a/libxplat_wearable_xms_impl_services_streamclient_streamclientAndroid.so","21c60ae9b0d809a925baa1f9dc21fa277e0950ad6d4890372752628894b66c62","com.meta.wearable:mwdat-camera:0.8.0","jni/arm64-v8a/libxplat_wearable_xms_impl_services_streamclient_streamclientAndroid.so","e8b00fd7d1e412f7ff281c832b6e5773d4715baa879955bd783f0ad94656a67f"
"lib/arm64-v8a/libxplat_wearable_xms_impl_services_subscription_subscriptionAndroid.so","a9ef2530febb5f562c9dfde89e88690c45657453065e33dcf9a702dcd8999b55","com.meta.wearable:mwdat-camera:0.8.0","jni/arm64-v8a/libxplat_wearable_xms_impl_services_subscription_subscriptionAndroid.so","e8b00fd7d1e412f7ff281c832b6e5773d4715baa879955bd783f0ad94656a67f"
"lib/arm64-v8a/libxplat_wearable_xms_impl_services_warpstreamclient_warpstreamclientAndroid.so","fab793109f799517af7857f6328e0e39c5daad9925bdd9a3a22f9821b791fe05","com.meta.wearable:mwdat-camera:0.8.0","jni/arm64-v8a/libxplat_wearable_xms_impl_services_warpstreamclient_warpstreamclientAndroid.so","e8b00fd7d1e412f7ff281c832b6e5773d4715baa879955bd783f0ad94656a67f"
"lib/arm64-v8a/libxplat_wearable_xms_impl_session_sessionAndroid.so","a5faef36ea0dda0b35f4da682878f5c6494310ddd44e9ca5afdd1ece98f57177","com.meta.wearable:mwdat-camera:0.8.0","jni/arm64-v8a/libxplat_wearable_xms_impl_session_sessionAndroid.so","e8b00fd7d1e412f7ff281c832b6e5773d4715baa879955bd783f0ad94656a67f"
"lib/arm64-v8a/libxplat_wearable_xms_impl_utils_serializer_serializerAndroid.so","d7c698b355a21d228e68a19360d5b295e71f71e219cf9a2411741a9c22d11534","com.meta.wearable:mwdat-camera:0.8.0","jni/arm64-v8a/libxplat_wearable_xms_impl_utils_serializer_serializerAndroid.so","e8b00fd7d1e412f7ff281c832b6e5773d4715baa879955bd783f0ad94656a67f"
"lib/armeabi-v7a/libairbridge_jni.so","a36e6132eceae15f49d4cc00baa7d9899d27b1c0570cd8d767001238a6531119","com.meta.wearable:mwdat-core:0.8.0","jni/armeabi-v7a/libairbridge_jni.so","f7ea3aedefbda4884c515ea5ad071a7adda0b05f991a2fffcfe548c333506f63"
"lib/armeabi-v7a/libairshield_light_mbed_jni.so","c29f1e7bdd4ae5868fd2173287425292ab38b4d8e1705c22776e73828cbceed8","com.meta.wearable:mwdat-core:0.8.0","jni/armeabi-v7a/libairshield_light_mbed_jni.so","f7ea3aedefbda4884c515ea5ad071a7adda0b05f991a2fffcfe548c333506f63"
"lib/armeabi-v7a/libandroidx.graphics.path.so","41399eba6fc2a60f6f14642375c1824f3cf25eb8fec7397d753730a3ceda3e2b","androidx.graphics:graphics-path:1.0.1","jni/armeabi-v7a/libandroidx.graphics.path.so","8ca4032b6d79b351f0b59ad4b580eddbb9423e1652f7c958830687f1eee2ec03"
"lib/armeabi-v7a/libc++_shared.so","84e7d99b7b6df960b37c28e43808cc5c2c62d1bb9449e27683fc53309dea5b6c","com.facebook.fbjni:fbjni:0.7.0","jni/armeabi-v7a/libc++_shared.so","7e319ae110ac5e5ef18904170aea5c3e753e915d196699d7fd39d36c8e1dfe36"
"lib/armeabi-v7a/libconnection_jni.so","8583feac378177de42eb4fb256c0eb71b5a3d9c86cd9b675ee79e20cde2d2d14","com.meta.wearable:mwdat-camera:0.8.0","jni/armeabi-v7a/libconnection_jni.so","e8b00fd7d1e412f7ff281c832b6e5773d4715baa879955bd783f0ad94656a67f"
"lib/armeabi-v7a/libdatastore_shared_counter.so","f51d0b6801896a20be66bd389a024f30be3284b757ac02377833d20e70b9c628","androidx.datastore:datastore-core-android:1.2.1","jni/armeabi-v7a/libdatastore_shared_counter.so","435edad7bcb1fbb1a2a46de7be4d6daf299479b3328ebf757ebdfe02810cbdd8"
"lib/armeabi-v7a/libdatax_jni_local.so","0e6708f0ce8a16a1447db868f4378e13cb6042dd15d38d67657c94bb8cc846f4","com.meta.wearable:mwdat-core:0.8.0","jni/armeabi-v7a/libdatax_jni_local.so","f7ea3aedefbda4884c515ea5ad071a7adda0b05f991a2fffcfe548c333506f63"
"lib/armeabi-v7a/libdouble-conversion.so","e8eb01ec23d6e7fd615eb4e2d3a9dd2d234d1a563207968e44c31a43cf434054","com.meta.wearable:mwdat-core:0.8.0","jni/armeabi-v7a/libdouble-conversion.so","f7ea3aedefbda4884c515ea5ad071a7adda0b05f991a2fffcfe548c333506f63"
"lib/armeabi-v7a/libfb.so","83eb6eceb89f0d4e177baaf5b3743aaf4cce239212862c9629f64e5f94972b81","com.meta.wearable:mwdat-core:0.8.0","jni/armeabi-v7a/libfb.so","f7ea3aedefbda4884c515ea5ad071a7adda0b05f991a2fffcfe548c333506f63"
"lib/armeabi-v7a/libfbjni.so","6739b4db111283fe0a86a3a5fdd80efe5d963355dd161b95ec179f01cc9685d5","com.facebook.fbjni:fbjni:0.7.0","jni/armeabi-v7a/libfbjni.so","7e319ae110ac5e5ef18904170aea5c3e753e915d196699d7fd39d36c8e1dfe36"
"lib/armeabi-v7a/libfbjni_kt.so","9ec8276952ac36c07ad78d5f0cec0f1955005651a075e82d7c2b40ec894d355b","com.meta.wearable:mwdat-core:0.8.0","jni/armeabi-v7a/libfbjni_kt.so","f7ea3aedefbda4884c515ea5ad071a7adda0b05f991a2fffcfe548c333506f63"
"lib/armeabi-v7a/libfbsofterror.so","182bbd6a5e8aa6945851789e91ae9f79222bdb63986afea9998d6bd4e3e5e3f7","com.meta.wearable:mwdat-core:0.8.0","jni/armeabi-v7a/libfbsofterror.so","f7ea3aedefbda4884c515ea5ad071a7adda0b05f991a2fffcfe548c333506f63"
"lib/armeabi-v7a/libfmt.so","2518b29b18486d13622879a8743158538d35e40d16f6855cd60ac75f86275625","com.meta.wearable:mwdat-core:0.8.0","jni/armeabi-v7a/libfmt.so","f7ea3aedefbda4884c515ea5ad071a7adda0b05f991a2fffcfe548c333506f63"
"lib/armeabi-v7a/libglog.so","af911c8ba282c70aef93960dbb48e67a18e40ac8902adfc53aee7df1c7b722a6","com.meta.wearable:mwdat-core:0.8.0","jni/armeabi-v7a/libglog.so","f7ea3aedefbda4884c515ea5ad071a7adda0b05f991a2fffcfe548c333506f63"
"lib/armeabi-v7a/libimage_processing_util_jni.so","e48e356bbe1902ae9a66178a4a0141c993b82ee9f70dde52ad83e4af3eca984f","androidx.camera:camera-core:1.4.1","jni/armeabi-v7a/libimage_processing_util_jni.so","6c77068806cf259bbaa7ed955935bf2cd16dc103feb32f7ae3d55823fc9fcfc7"
"lib/armeabi-v7a/libjingle_peerconnection_so.so","976ad84ff585eb7121ff7d800a172e60995f634d59a64a7f913e4dac8907b08e","io.github.webrtc-sdk:android:125.6422.07","jni/armeabi-v7a/libjingle_peerconnection_so.so","a0ae793a4539f0da6fc9b71806ace876e50b008c30c66fd2ec5eee38ee030474"
"lib/armeabi-v7a/libmanifest_jni.so","9e70a99e75c2ed24a1957b0bc7fc54b5e39f8052558136db3abe9e9f8a25b4bd","com.meta.wearable:mwdat-core:0.8.0","jni/armeabi-v7a/libmanifest_jni.so","f7ea3aedefbda4884c515ea5ad071a7adda0b05f991a2fffcfe548c333506f63"
"lib/armeabi-v7a/libsession_jni.so","e3df734b667f4e499271a01bcec6ed8f8666ed185fe71b411666099bc44fdf98","com.meta.wearable:mwdat-camera:0.8.0","jni/armeabi-v7a/libsession_jni.so","e8b00fd7d1e412f7ff281c832b6e5773d4715baa879955bd783f0ad94656a67f"
"lib/armeabi-v7a/libsurface_util_jni.so","f110d6a305fef5be5664d58cfb054366b002bc516066b4ec880c38a68428756f","androidx.camera:camera-core:1.4.1","jni/armeabi-v7a/libsurface_util_jni.so","6c77068806cf259bbaa7ed955935bf2cd16dc103feb32f7ae3d55823fc9fcfc7"
"lib/armeabi-v7a/libwearable_qpl3p.so","3bb9236407d19fdfb0fbba6cb0a4e73baf2eba3049b0ebe9f2444f3971e818b8","com.meta.wearable:mwdat-core:0.8.0","jni/armeabi-v7a/libwearable_qpl3p.so","f7ea3aedefbda4884c515ea5ad071a7adda0b05f991a2fffcfe548c333506f63"
"lib/armeabi-v7a/libxplat_mobilenetwork_third-party_mbedtls3_cryptoAndroid.so","5d4329008c36a6014d18db274e16e8e38ce01921009c8793ec136b1ecd7b1475","com.meta.wearable:mwdat-core:0.8.0","jni/armeabi-v7a/libxplat_mobilenetwork_third-party_mbedtls3_cryptoAndroid.so","f7ea3aedefbda4884c515ea5ad071a7adda0b05f991a2fffcfe548c333506f63"
"lib/armeabi-v7a/libxplat_perflogger_base_baseAndroid.so","dfda442989b5d152c36ec4d874108ed196408efdf0dab4f177171181830bc76e","com.meta.wearable:mwdat-core:0.8.0","jni/armeabi-v7a/libxplat_perflogger_base_baseAndroid.so","f7ea3aedefbda4884c515ea5ad071a7adda0b05f991a2fffcfe548c333506f63"
"lib/armeabi-v7a/libxplat_perflogger_base_qpl_codegen_metadataAndroid.so","0ac0c86b39e72ebcc0743d74543b25f6ff972f5c9ddf36ea86a7b5dba15aeb25","com.meta.wearable:mwdat-core:0.8.0","jni/armeabi-v7a/libxplat_perflogger_base_qpl_codegen_metadataAndroid.so","f7ea3aedefbda4884c515ea5ad071a7adda0b05f991a2fffcfe548c333506f63"
"lib/armeabi-v7a/libxplat_perflogger_conversions_conversionsAndroid.so","1f2a8a15af23148f9369885b94b8b1690fa146614940ed2c59d0363ba5759d1b","com.meta.wearable:mwdat-core:0.8.0","jni/armeabi-v7a/libxplat_perflogger_conversions_conversionsAndroid.so","f7ea3aedefbda4884c515ea5ad071a7adda0b05f991a2fffcfe548c333506f63"
"lib/armeabi-v7a/libxplat_perflogger_health_counters_health_countersAndroid.so","61e0db19ca86541bb4d9707e7a6f4b9baf97f7ecc9e6e795c66c42380d2a2679","com.meta.wearable:mwdat-core:0.8.0","jni/armeabi-v7a/libxplat_perflogger_health_counters_health_countersAndroid.so","f7ea3aedefbda4884c515ea5ad071a7adda0b05f991a2fffcfe548c333506f63"
"lib/armeabi-v7a/libxplat_perflogger_perfloggerAndroid.so","94744115d66369d4630eea49ed1ed28429cb66ed3336891c8b89253a3d514ef1","com.meta.wearable:mwdat-core:0.8.0","jni/armeabi-v7a/libxplat_perflogger_perfloggerAndroid.so","f7ea3aedefbda4884c515ea5ad071a7adda0b05f991a2fffcfe548c333506f63"
"lib/armeabi-v7a/libxplat_perflogger_safe_rollout_qpl_safe_rolloutAndroid.so","9746ac5a2030656b6427e71adc3560e2b49c7974f46d4db7f4f2251779f22600","com.meta.wearable:mwdat-core:0.8.0","jni/armeabi-v7a/libxplat_perflogger_safe_rollout_qpl_safe_rolloutAndroid.so","f7ea3aedefbda4884c515ea5ad071a7adda0b05f991a2fffcfe548c333506f63"
"lib/armeabi-v7a/libxplat_perflogger_structured_data_structured_dataAndroid.so","680182f619d92db4208a125df6ad5ce5ee2d5fd248f69ab3def8b9e724e5f0e4","com.meta.wearable:mwdat-core:0.8.0","jni/armeabi-v7a/libxplat_perflogger_structured_data_structured_dataAndroid.so","f7ea3aedefbda4884c515ea5ad071a7adda0b05f991a2fffcfe548c333506f63"
"lib/armeabi-v7a/libxplat_perflogger_synchronization_synchronizationAndroid.so","72e83df1a6c0d2603135384d443750928fca0aec032009d6dc5fd18f0808bb5a","com.meta.wearable:mwdat-core:0.8.0","jni/armeabi-v7a/libxplat_perflogger_synchronization_synchronizationAndroid.so","f7ea3aedefbda4884c515ea5ad071a7adda0b05f991a2fffcfe548c333506f63"
"lib/armeabi-v7a/libxplat_perflogger_utils_utilsAndroid.so","8d32774f2d88fd53f2a3e6fcb0b923aee9e0ef7e34f536f79ff04007465c15ce","com.meta.wearable:mwdat-core:0.8.0","jni/armeabi-v7a/libxplat_perflogger_utils_utilsAndroid.so","f7ea3aedefbda4884c515ea5ad071a7adda0b05f991a2fffcfe548c333506f63"
"lib/armeabi-v7a/libxplat_secure_lib_secure_stringAndroid.so","2ce8e1b66767f8e4c0a4345e92dc87d25166726374fc8e9f7f71766eafc7faf7","com.meta.wearable:mwdat-camera:0.8.0","jni/armeabi-v7a/libxplat_secure_lib_secure_stringAndroid.so","e8b00fd7d1e412f7ff281c832b6e5773d4715baa879955bd783f0ad94656a67f"
"lib/armeabi-v7a/libxplat_wearable_3p_qpl_3PQPL.so","fe5ca4f35847270db0909a6ff3a6a2f55063b9b7adc2087d580c598e9d96fd85","com.meta.wearable:mwdat-core:0.8.0","jni/armeabi-v7a/libxplat_wearable_3p_qpl_3PQPL.so","f7ea3aedefbda4884c515ea5ad071a7adda0b05f991a2fffcfe548c333506f63"
"lib/armeabi-v7a/libxplat_wearable_comms_calling_hera_engine_configurations_protobuf_nanopbwrapper_supportlibAndroid.so","6291273809606c05aee61ffda6050a9f215383e3f3e7e7d4a1b88096b588dad7","com.meta.wearable:mwdat-camera:0.8.0","jni/armeabi-v7a/libxplat_wearable_comms_calling_hera_engine_configurations_protobuf_nanopbwrapper_supportlibAndroid.so","e8b00fd7d1e412f7ff281c832b6e5773d4715baa879955bd783f0ad94656a67f"
"lib/armeabi-v7a/libxplat_wearable_comms_calling_hera_shared_audio_audioAndroid.so","fd2bf24a2255ea551e1e49df2aeef6620575da6f0e4a01648b00e3e9ede5371c","com.meta.wearable:mwdat-camera:0.8.0","jni/armeabi-v7a/libxplat_wearable_comms_calling_hera_shared_audio_audioAndroid.so","e8b00fd7d1e412f7ff281c832b6e5773d4715baa879955bd783f0ad94656a67f"
"lib/armeabi-v7a/libxplat_wearable_comms_calling_hera_shared_link_linkAndroid.so","463da7d85aa11598863c88bb11c903d54f23c1ca11f9eb670068faead38b06f2","com.meta.wearable:mwdat-camera:0.8.0","jni/armeabi-v7a/libxplat_wearable_comms_calling_hera_shared_link_linkAndroid.so","e8b00fd7d1e412f7ff281c832b6e5773d4715baa879955bd783f0ad94656a67f"
"lib/armeabi-v7a/libxplat_wearable_comms_calling_hera_shared_media_mediaAndroid.so","7c3a04f84412f12a115f5a9ef85131e6f47ce389ec89454ef57d99d3502f2286","com.meta.wearable:mwdat-camera:0.8.0","jni/armeabi-v7a/libxplat_wearable_comms_calling_hera_shared_media_mediaAndroid.so","e8b00fd7d1e412f7ff281c832b6e5773d4715baa879955bd783f0ad94656a67f"
"lib/armeabi-v7a/libxplat_wearable_comms_calling_hera_shared_video_passthrough_passthroughAndroid.so","7712762315275727f5452784edef37e0d43f32bb3568477d830718504a7b61e3","com.meta.wearable:mwdat-camera:0.8.0","jni/armeabi-v7a/libxplat_wearable_comms_calling_hera_shared_video_passthrough_passthroughAndroid.so","e8b00fd7d1e412f7ff281c832b6e5773d4715baa879955bd783f0ad94656a67f"
"lib/armeabi-v7a/libxplat_wearable_comms_calling_hera_shared_video_videoAndroid.so","0833c39ed9d84be05f2017f0b617b811c1201ce7912b23d14ef1344a17a94f40","com.meta.wearable:mwdat-camera:0.8.0","jni/armeabi-v7a/libxplat_wearable_comms_calling_hera_shared_video_videoAndroid.so","e8b00fd7d1e412f7ff281c832b6e5773d4715baa879955bd783f0ad94656a67f"
"lib/armeabi-v7a/libxplat_wearable_warp_core_api_impl_media_mediaAndroid.so","ae206f6db287f1a1826c3e76a61af15595428041e95d44d332cc280398c46ca1","com.meta.wearable:mwdat-camera:0.8.0","jni/armeabi-v7a/libxplat_wearable_warp_core_api_impl_media_mediaAndroid.so","e8b00fd7d1e412f7ff281c832b6e5773d4715baa879955bd783f0ad94656a67f"
"lib/armeabi-v7a/libxplat_wearable_warp_core_api_impl_transport_device_transport_deviceAndroid.so","0f3ffe291fc3fcd1b3262f8e21939b29de42a5fdf8affc9e503ae8f141a9ca39","com.meta.wearable:mwdat-camera:0.8.0","jni/armeabi-v7a/libxplat_wearable_warp_core_api_impl_transport_device_transport_deviceAndroid.so","e8b00fd7d1e412f7ff281c832b6e5773d4715baa879955bd783f0ad94656a67f"
"lib/armeabi-v7a/libxplat_wearable_warp_core_api_impl_transport_transportAndroid.so","4c5bc68e0c5661aeb3a4f636128ca228a4013e86aefe6af0e3814956c849745f","com.meta.wearable:mwdat-camera:0.8.0","jni/armeabi-v7a/libxplat_wearable_warp_core_api_impl_transport_transportAndroid.so","e8b00fd7d1e412f7ff281c832b6e5773d4715baa879955bd783f0ad94656a67f"
"lib/armeabi-v7a/libxplat_wearable_warp_core_impl_audio_passthrough_audio_passthroughAndroid.so","a912602deaa53371e1fe853b7a4cc20aebe565f90444694e4c337bcbad186330","com.meta.wearable:mwdat-camera:0.8.0","jni/armeabi-v7a/libxplat_wearable_warp_core_impl_audio_passthrough_audio_passthroughAndroid.so","e8b00fd7d1e412f7ff281c832b6e5773d4715baa879955bd783f0ad94656a67f"
"lib/armeabi-v7a/libxplat_wearable_warp_core_impl_media_mediaAndroid.so","bb202411aeb65eea550a63490b1e8aeb0b65198750ec09e6bda2b3e1d34ad2b2","com.meta.wearable:mwdat-camera:0.8.0","jni/armeabi-v7a/libxplat_wearable_warp_core_impl_media_mediaAndroid.so","e8b00fd7d1e412f7ff281c832b6e5773d4715baa879955bd783f0ad94656a67f"
"lib/armeabi-v7a/libxplat_wearable_warp_core_impl_observability_committers_null_committersAndroid.so","df73afb0a236178bd85ea24194a7abeffcfc753fbd4940afd9dfe6dddc111b3a","com.meta.wearable:mwdat-camera:0.8.0","jni/armeabi-v7a/libxplat_wearable_warp_core_impl_observability_committers_null_committersAndroid.so","e8b00fd7d1e412f7ff281c832b6e5773d4715baa879955bd783f0ad94656a67f"
"lib/armeabi-v7a/libxplat_wearable_warp_core_impl_observability_observabilityAndroid.so","d44e13d6c47080f5d88fef21fa7f69c4dfc887828821e6ffb11bf326fc4228e2","com.meta.wearable:mwdat-camera:0.8.0","jni/armeabi-v7a/libxplat_wearable_warp_core_impl_observability_observabilityAndroid.so","e8b00fd7d1e412f7ff281c832b6e5773d4715baa879955bd783f0ad94656a67f"
"lib/armeabi-v7a/libxplat_wearable_warp_core_impl_observability_sessions_sessionsAndroid.so","f331ae780b1eec5a884b5012a26d50fb3ed3c117de79177b05ef259da0f11803","com.meta.wearable:mwdat-camera:0.8.0","jni/armeabi-v7a/libxplat_wearable_warp_core_impl_observability_sessions_sessionsAndroid.so","e8b00fd7d1e412f7ff281c832b6e5773d4715baa879955bd783f0ad94656a67f"
"lib/armeabi-v7a/libxplat_wearable_warp_core_impl_transport_device_connection_device_connectionAndroid.so","c98cb75e609d4c76ff0ef8d1e0f7df5a73703d140eba12f53e89282edd850b48","com.meta.wearable:mwdat-camera:0.8.0","jni/armeabi-v7a/libxplat_wearable_warp_core_impl_transport_device_connection_device_connectionAndroid.so","e8b00fd7d1e412f7ff281c832b6e5773d4715baa879955bd783f0ad94656a67f"
"lib/armeabi-v7a/libxplat_wearable_warp_core_impl_transport_dnia_dniaAndroid.so","d2c06d50d709ae34b1163a96a74ce92fbe69aa3f048df77c2f6b91f91e48ce51","com.meta.wearable:mwdat-camera:0.8.0","jni/armeabi-v7a/libxplat_wearable_warp_core_impl_transport_dnia_dniaAndroid.so","e8b00fd7d1e412f7ff281c832b6e5773d4715baa879955bd783f0ad94656a67f"
"lib/armeabi-v7a/libxplat_wearable_warp_core_impl_transport_queue_queueAndroid.so","c17d3d904a42255d83467867d4eaf8146f9d63679ac01ec2f8115af115182363","com.meta.wearable:mwdat-camera:0.8.0","jni/armeabi-v7a/libxplat_wearable_warp_core_impl_transport_queue_queueAndroid.so","e8b00fd7d1e412f7ff281c832b6e5773d4715baa879955bd783f0ad94656a67f"
"lib/armeabi-v7a/libxplat_wearable_warp_core_impl_video_passthrough_video_passthroughAndroid.so","4b77ee4ef8049e2e67c482a7778e02ded0f2824c68114a3a29276a53114201e6","com.meta.wearable:mwdat-camera:0.8.0","jni/armeabi-v7a/libxplat_wearable_warp_core_impl_video_passthrough_video_passthroughAndroid.so","e8b00fd7d1e412f7ff281c832b6e5773d4715baa879955bd783f0ad94656a67f"
"lib/armeabi-v7a/libxplat_wearable_warp_core_os_android_telemetry_atc_null_atc_telemetryAndroid.so","b977c54a86e3f70f771ed47a8f6fee54daba5808bb54d4e28e686b1387bbcdff","com.meta.wearable:mwdat-camera:0.8.0","jni/armeabi-v7a/libxplat_wearable_warp_core_os_android_telemetry_atc_null_atc_telemetryAndroid.so","e8b00fd7d1e412f7ff281c832b6e5773d4715baa879955bd783f0ad94656a67f"
"lib/armeabi-v7a/libxplat_wearable_warp_exp_rtc_logging_loggingAndroid.so","6be1bd01b35f2894497d811b081171f1a5dc77c182ec3f46e4599c25a9a82580","com.meta.wearable:mwdat-camera:0.8.0","jni/armeabi-v7a/libxplat_wearable_warp_exp_rtc_logging_loggingAndroid.so","e8b00fd7d1e412f7ff281c832b6e5773d4715baa879955bd783f0ad94656a67f"
"lib/armeabi-v7a/libxplat_wearable_warp_utils_analytics_media_mediaAndroid.so","3816476709a2fbc4e35a5f6e485d364acc502b033e91f4129cb5ce33fe1e7b57","com.meta.wearable:mwdat-camera:0.8.0","jni/armeabi-v7a/libxplat_wearable_warp_utils_analytics_media_mediaAndroid.so","e8b00fd7d1e412f7ff281c832b6e5773d4715baa879955bd783f0ad94656a67f"
"lib/armeabi-v7a/libxplat_wearable_warp_utils_clock_clockAndroid.so","f654a21ac9fc174fa546fe0de028e78e48025cfe0c3abb689d6856947a285524","com.meta.wearable:mwdat-camera:0.8.0","jni/armeabi-v7a/libxplat_wearable_warp_utils_clock_clockAndroid.so","e8b00fd7d1e412f7ff281c832b6e5773d4715baa879955bd783f0ad94656a67f"
"lib/armeabi-v7a/libxplat_wearable_warp_utils_event_eventAndroid.so","dd37e0f761b0c0e0beb8ce99c4812a14808827d8c7a8bf44420eecb488fb2b43","com.meta.wearable:mwdat-camera:0.8.0","jni/armeabi-v7a/libxplat_wearable_warp_utils_event_eventAndroid.so","e8b00fd7d1e412f7ff281c832b6e5773d4715baa879955bd783f0ad94656a67f"
"lib/armeabi-v7a/libxplat_wearable_warp_utils_h265_parser_null_h265_parser_nullAndroid.so","50e8f0a9fddf5d6aab06adf835faf0ec6eeebfca5944b17092ee78e51094e2b8","com.meta.wearable:mwdat-camera:0.8.0","jni/armeabi-v7a/libxplat_wearable_warp_utils_h265_parser_null_h265_parser_nullAndroid.so","e8b00fd7d1e412f7ff281c832b6e5773d4715baa879955bd783f0ad94656a67f"
"lib/armeabi-v7a/libxplat_wearable_warp_utils_json_jsonAndroid.so","f39126cc318efe3802902b3b20928baab1fd7aa8beaa17f79c87e8c5ff36555a","com.meta.wearable:mwdat-camera:0.8.0","jni/armeabi-v7a/libxplat_wearable_warp_utils_json_jsonAndroid.so","e8b00fd7d1e412f7ff281c832b6e5773d4715baa879955bd783f0ad94656a67f"
"lib/armeabi-v7a/libxplat_wearable_warp_utils_log_logAndroid.so","1aa1e64d92b3ac1e6553985965e3e023c671c5dfb39257a60218e0589f1a50a8","com.meta.wearable:mwdat-camera:0.8.0","jni/armeabi-v7a/libxplat_wearable_warp_utils_log_logAndroid.so","e8b00fd7d1e412f7ff281c832b6e5773d4715baa879955bd783f0ad94656a67f"
"lib/armeabi-v7a/libxplat_wearable_warp_utils_math_mathAndroid.so","3723d2557dd41dc37462758f2df18aa377e616e8ac3ad7ef974cf12b7a4d80e3","com.meta.wearable:mwdat-camera:0.8.0","jni/armeabi-v7a/libxplat_wearable_warp_utils_math_mathAndroid.so","e8b00fd7d1e412f7ff281c832b6e5773d4715baa879955bd783f0ad94656a67f"
"lib/armeabi-v7a/libxplat_wearable_warp_utils_memory_memoryAndroid.so","ee883a5a7fa78edcee119bc045fbd85ede53ff745c9c75e69ee60b7eb4fda452","com.meta.wearable:mwdat-camera:0.8.0","jni/armeabi-v7a/libxplat_wearable_warp_utils_memory_memoryAndroid.so","e8b00fd7d1e412f7ff281c832b6e5773d4715baa879955bd783f0ad94656a67f"
"lib/armeabi-v7a/libxplat_wearable_warp_utils_threads_platform_thread_scopeAndroid.so","9052c8f1af7b33dc8b103edafd4f9f64e35aabe7df58572b7edfe4974ce2d446","com.meta.wearable:mwdat-camera:0.8.0","jni/armeabi-v7a/libxplat_wearable_warp_utils_threads_platform_thread_scopeAndroid.so","e8b00fd7d1e412f7ff281c832b6e5773d4715baa879955bd783f0ad94656a67f"
"lib/armeabi-v7a/libxplat_wearable_warp_utils_threads_threadsAndroid.so","bf9fe5bf293ea14246d0466dca7c443ef5e5a9f2d05450e87668323d6b3c74d2","com.meta.wearable:mwdat-camera:0.8.0","jni/armeabi-v7a/libxplat_wearable_warp_utils_threads_threadsAndroid.so","e8b00fd7d1e412f7ff281c832b6e5773d4715baa879955bd783f0ad94656a67f"
"lib/armeabi-v7a/libxplat_wearable_warp_utils_tslog_null_engine_tslog_null_engineAndroid.so","967705b32388fed6fd2b0d534a797ee43ad2b11a9d8328e1a4ce0d2ab1bb4915","com.meta.wearable:mwdat-camera:0.8.0","jni/armeabi-v7a/libxplat_wearable_warp_utils_tslog_null_engine_tslog_null_engineAndroid.so","e8b00fd7d1e412f7ff281c832b6e5773d4715baa879955bd783f0ad94656a67f"
"lib/armeabi-v7a/libxplat_wearable_xms_api_serviceAndroid.so","f9ece14d8c8305406f653e61dc5bbdc4470dcf6d70d744dfcc05a80b67f3d29f","com.meta.wearable:mwdat-camera:0.8.0","jni/armeabi-v7a/libxplat_wearable_xms_api_serviceAndroid.so","e8b00fd7d1e412f7ff281c832b6e5773d4715baa879955bd783f0ad94656a67f"
"lib/armeabi-v7a/libxplat_wearable_xms_impl_client_clientAndroid.so","45abedeb323eaa08962a00566bf0f681486ea94f48e28b8c18c19f2755d149df","com.meta.wearable:mwdat-camera:0.8.0","jni/armeabi-v7a/libxplat_wearable_xms_impl_client_clientAndroid.so","e8b00fd7d1e412f7ff281c832b6e5773d4715baa879955bd783f0ad94656a67f"
"lib/armeabi-v7a/libxplat_wearable_xms_impl_providers_staticaudioconfigprovider_staticaudioconfigproviderAndroid.so","45eb451b34851f827896f02a13a2ef52d99098338f8e0385cc0018bd3e2fad8d","com.meta.wearable:mwdat-camera:0.8.0","jni/armeabi-v7a/libxplat_wearable_xms_impl_providers_staticaudioconfigprovider_staticaudioconfigproviderAndroid.so","e8b00fd7d1e412f7ff281c832b6e5773d4715baa879955bd783f0ad94656a67f"
"lib/armeabi-v7a/libxplat_wearable_xms_impl_providers_staticvideoconfigprovider_staticvideoconfigproviderAndroid.so","e64609b5fdd5687830baa9691dafe7e1351c181f442d53c6ee16beadf35ab912","com.meta.wearable:mwdat-camera:0.8.0","jni/armeabi-v7a/libxplat_wearable_xms_impl_providers_staticvideoconfigprovider_staticvideoconfigproviderAndroid.so","e8b00fd7d1e412f7ff281c832b6e5773d4715baa879955bd783f0ad94656a67f"
"lib/armeabi-v7a/libxplat_wearable_xms_impl_services_activitymanager_activitymanagerAndroid.so","820280e57a9a1747812e8366e7188470b22eeb813c56034e4ea13a90e52560cb","com.meta.wearable:mwdat-camera:0.8.0","jni/armeabi-v7a/libxplat_wearable_xms_impl_services_activitymanager_activitymanagerAndroid.so","e8b00fd7d1e412f7ff281c832b6e5773d4715baa879955bd783f0ad94656a67f"
"lib/armeabi-v7a/libxplat_wearable_xms_impl_services_controlchannel_controlchannelAndroid.so","e1e3478389c9b6ba959f3a45de23d70087703536dc0827a9562b14cc63756aa7","com.meta.wearable:mwdat-camera:0.8.0","jni/armeabi-v7a/libxplat_wearable_xms_impl_services_controlchannel_controlchannelAndroid.so","e8b00fd7d1e412f7ff281c832b6e5773d4715baa879955bd783f0ad94656a67f"
"lib/armeabi-v7a/libxplat_wearable_xms_impl_services_devicebuildinfo_devicebuildinfoAndroid.so","46a3b3bca212d27828e4753c079f0d69260a8105bb60017b133271bed0520afb","com.meta.wearable:mwdat-camera:0.8.0","jni/armeabi-v7a/libxplat_wearable_xms_impl_services_devicebuildinfo_devicebuildinfoAndroid.so","e8b00fd7d1e412f7ff281c832b6e5773d4715baa879955bd783f0ad94656a67f"
"lib/armeabi-v7a/libxplat_wearable_xms_impl_services_engagement_engagementAndroid.so","d60c484020f0c2fac73f0d9898140f7960b0719e652ebcd351c588763fcaf0c2","com.meta.wearable:mwdat-camera:0.8.0","jni/armeabi-v7a/libxplat_wearable_xms_impl_services_engagement_engagementAndroid.so","e8b00fd7d1e412f7ff281c832b6e5773d4715baa879955bd783f0ad94656a67f"
"lib/armeabi-v7a/libxplat_wearable_xms_impl_services_framestalldetector_framestalldetectorAndroid.so","7bfa1a1563799c4c46b1b635ecad8f598a6d7918b0d4018a20ef302bb8f5f87e","com.meta.wearable:mwdat-camera:0.8.0","jni/armeabi-v7a/libxplat_wearable_xms_impl_services_framestalldetector_framestalldetectorAndroid.so","e8b00fd7d1e412f7ff281c832b6e5773d4715baa879955bd783f0ad94656a67f"
"lib/armeabi-v7a/libxplat_wearable_xms_impl_services_streamclient_streamclientAndroid.so","51b996a35dd26853831c3bc4e1a0ad81025179ff0628f02c3388eb8f2a4ff536","com.meta.wearable:mwdat-camera:0.8.0","jni/armeabi-v7a/libxplat_wearable_xms_impl_services_streamclient_streamclientAndroid.so","e8b00fd7d1e412f7ff281c832b6e5773d4715baa879955bd783f0ad94656a67f"
"lib/armeabi-v7a/libxplat_wearable_xms_impl_services_subscription_subscriptionAndroid.so","f1f4e44ff21e60ba60c58fff2ba58304adce49514008a78f04b3176bdfa41365","com.meta.wearable:mwdat-camera:0.8.0","jni/armeabi-v7a/libxplat_wearable_xms_impl_services_subscription_subscriptionAndroid.so","e8b00fd7d1e412f7ff281c832b6e5773d4715baa879955bd783f0ad94656a67f"
"lib/armeabi-v7a/libxplat_wearable_xms_impl_services_warpstreamclient_warpstreamclientAndroid.so","43d548b371660e09dc3213b009a8b2902122b1d211434814258a5555cccb64d7","com.meta.wearable:mwdat-camera:0.8.0","jni/armeabi-v7a/libxplat_wearable_xms_impl_services_warpstreamclient_warpstreamclientAndroid.so","e8b00fd7d1e412f7ff281c832b6e5773d4715baa879955bd783f0ad94656a67f"
"lib/armeabi-v7a/libxplat_wearable_xms_impl_session_sessionAndroid.so","8a620bda6e60013e9d9d1288ba5ccd83603c7833632bba33d4530e0193ed31a3","com.meta.wearable:mwdat-camera:0.8.0","jni/armeabi-v7a/libxplat_wearable_xms_impl_session_sessionAndroid.so","e8b00fd7d1e412f7ff281c832b6e5773d4715baa879955bd783f0ad94656a67f"
"lib/armeabi-v7a/libxplat_wearable_xms_impl_utils_serializer_serializerAndroid.so","644e976af91e603131bfc42c5f39c3cf3593f1ab4ddf8b975034af02404a9410","com.meta.wearable:mwdat-camera:0.8.0","jni/armeabi-v7a/libxplat_wearable_xms_impl_utils_serializer_serializerAndroid.so","e8b00fd7d1e412f7ff281c832b6e5773d4715baa879955bd783f0ad94656a67f"
"lib/x86/libairbridge_jni.so","9a7071b7e0792a946e84ff5a6f2d77df57d3beb0eb441a270ff3a098fdabe963","com.meta.wearable:mwdat-core:0.8.0","jni/x86/libairbridge_jni.so","f7ea3aedefbda4884c515ea5ad071a7adda0b05f991a2fffcfe548c333506f63"
"lib/x86/libairshield_light_mbed_jni.so","b862ab9d817fd125f280d702242d59b97f21c75676c205b35251d357b08f593a","com.meta.wearable:mwdat-core:0.8.0","jni/x86/libairshield_light_mbed_jni.so","f7ea3aedefbda4884c515ea5ad071a7adda0b05f991a2fffcfe548c333506f63"
"lib/x86/libandroidx.graphics.path.so","eb0570b41fd3bff25d8204a967c03bd7550719e768b791f680cc40cbe35f29af","androidx.graphics:graphics-path:1.0.1","jni/x86/libandroidx.graphics.path.so","8ca4032b6d79b351f0b59ad4b580eddbb9423e1652f7c958830687f1eee2ec03"
"lib/x86/libc++_shared.so","3bd6a3c5d1baa1fac3bdd8452ccc403fd1b464b3f80eb9fa207df5ec2d565129","com.facebook.fbjni:fbjni:0.7.0","jni/x86/libc++_shared.so","7e319ae110ac5e5ef18904170aea5c3e753e915d196699d7fd39d36c8e1dfe36"
"lib/x86/libconnection_jni.so","82cf0f5b905b4fd949b038e4667099831a6adf4265a3d4a7ff80436a0b3ed109","com.meta.wearable:mwdat-camera:0.8.0","jni/x86/libconnection_jni.so","e8b00fd7d1e412f7ff281c832b6e5773d4715baa879955bd783f0ad94656a67f"
"lib/x86/libdatastore_shared_counter.so","c38104bd173ef2e405d32e90ef753725c54aaeca08f2e9a57820df8782f4d790","androidx.datastore:datastore-core-android:1.2.1","jni/x86/libdatastore_shared_counter.so","435edad7bcb1fbb1a2a46de7be4d6daf299479b3328ebf757ebdfe02810cbdd8"
"lib/x86/libdatax_jni_local.so","9cdebad5e4fbf0401a3dae381b222db0ef37947764d5d55ca68d517fbb5ca3f3","com.meta.wearable:mwdat-core:0.8.0","jni/x86/libdatax_jni_local.so","f7ea3aedefbda4884c515ea5ad071a7adda0b05f991a2fffcfe548c333506f63"
"lib/x86/libdouble-conversion.so","e45ee34b42a73ad9b1f8d2e499ade64d20636fc8c5d1e49cb3893c7d59ac3530","com.meta.wearable:mwdat-core:0.8.0","jni/x86/libdouble-conversion.so","f7ea3aedefbda4884c515ea5ad071a7adda0b05f991a2fffcfe548c333506f63"
"lib/x86/libfb.so","d75dc81b193f91f6143431ca2d6ff4a2584c30a6425dc64de28fcb9ff4fa99fb","com.meta.wearable:mwdat-core:0.8.0","jni/x86/libfb.so","f7ea3aedefbda4884c515ea5ad071a7adda0b05f991a2fffcfe548c333506f63"
"lib/x86/libfbjni.so","735533ea082fe331b293a947f5ac32556ea433c7db1d2fe76e4ac9a440917c65","com.facebook.fbjni:fbjni:0.7.0","jni/x86/libfbjni.so","7e319ae110ac5e5ef18904170aea5c3e753e915d196699d7fd39d36c8e1dfe36"
"lib/x86/libfbjni_kt.so","875792bae35ac5ee6436837cc20552556ae89af07d7e8b3e6c9b4c5eb1b7c94c","com.meta.wearable:mwdat-core:0.8.0","jni/x86/libfbjni_kt.so","f7ea3aedefbda4884c515ea5ad071a7adda0b05f991a2fffcfe548c333506f63"
"lib/x86/libfbsofterror.so","3fca8920492093b6cd2ff6859e65c2b257fe43efcc0730c90e0c1bd41e9c7442","com.meta.wearable:mwdat-core:0.8.0","jni/x86/libfbsofterror.so","f7ea3aedefbda4884c515ea5ad071a7adda0b05f991a2fffcfe548c333506f63"
"lib/x86/libfmt.so","28cb721b4f0813231b678af39c7cfde0d97c8fd3f46d7241cb343b5b0b878960","com.meta.wearable:mwdat-core:0.8.0","jni/x86/libfmt.so","f7ea3aedefbda4884c515ea5ad071a7adda0b05f991a2fffcfe548c333506f63"
"lib/x86/libglog.so","9c7aad60d1e8b4af97c76701fd820b1b6a458aacf7bd8d4533510c0fc27e82c6","com.meta.wearable:mwdat-core:0.8.0","jni/x86/libglog.so","f7ea3aedefbda4884c515ea5ad071a7adda0b05f991a2fffcfe548c333506f63"
"lib/x86/libimage_processing_util_jni.so","f5bdd537631cce21ad038a6737775540a7aef1f5a3d1fdc26c469f6c1ae73010","androidx.camera:camera-core:1.4.1","jni/x86/libimage_processing_util_jni.so","6c77068806cf259bbaa7ed955935bf2cd16dc103feb32f7ae3d55823fc9fcfc7"
"lib/x86/libjingle_peerconnection_so.so","f8a1a9898243ca647a62a0eab4ff6ab24c07267bc8e85940a35061ba8df1a7ac","io.github.webrtc-sdk:android:125.6422.07","jni/x86/libjingle_peerconnection_so.so","a0ae793a4539f0da6fc9b71806ace876e50b008c30c66fd2ec5eee38ee030474"
"lib/x86/libmanifest_jni.so","d43b0c59787a77017ac73783aec49f3013003097ac90eae3ba926010bf8efff1","com.meta.wearable:mwdat-core:0.8.0","jni/x86/libmanifest_jni.so","f7ea3aedefbda4884c515ea5ad071a7adda0b05f991a2fffcfe548c333506f63"
"lib/x86/libsession_jni.so","79899d0f4d8b9930434085415d52b7ce0a9b06f36fa13ca1197d5bc8fff82e32","com.meta.wearable:mwdat-camera:0.8.0","jni/x86/libsession_jni.so","e8b00fd7d1e412f7ff281c832b6e5773d4715baa879955bd783f0ad94656a67f"
"lib/x86/libsurface_util_jni.so","6b5d033063bc125d99706f14f0ded08b3f0058f53f5a3d17d134e7d2ea75db11","androidx.camera:camera-core:1.4.1","jni/x86/libsurface_util_jni.so","6c77068806cf259bbaa7ed955935bf2cd16dc103feb32f7ae3d55823fc9fcfc7"
"lib/x86/libwearable_qpl3p.so","8f83aa4ff46bc4732926c57cfd266723be9205eea519f6d57715e6a46e2c9d11","com.meta.wearable:mwdat-core:0.8.0","jni/x86/libwearable_qpl3p.so","f7ea3aedefbda4884c515ea5ad071a7adda0b05f991a2fffcfe548c333506f63"
"lib/x86/libxplat_mobilenetwork_third-party_mbedtls3_cryptoAndroid.so","01e1c5efbeaf2b179602081f1c42c6328e6d2f3411aa32ab81ed40b387742033","com.meta.wearable:mwdat-core:0.8.0","jni/x86/libxplat_mobilenetwork_third-party_mbedtls3_cryptoAndroid.so","f7ea3aedefbda4884c515ea5ad071a7adda0b05f991a2fffcfe548c333506f63"
"lib/x86/libxplat_perflogger_base_baseAndroid.so","946a313f67090581eb7bdfcc40d409acfd78418ee017cc546ced3222d0934559","com.meta.wearable:mwdat-core:0.8.0","jni/x86/libxplat_perflogger_base_baseAndroid.so","f7ea3aedefbda4884c515ea5ad071a7adda0b05f991a2fffcfe548c333506f63"
"lib/x86/libxplat_perflogger_base_qpl_codegen_metadataAndroid.so","289f86552ddfd660385b4769c0eccc741ce78eced64667060d303c4caf669f64","com.meta.wearable:mwdat-core:0.8.0","jni/x86/libxplat_perflogger_base_qpl_codegen_metadataAndroid.so","f7ea3aedefbda4884c515ea5ad071a7adda0b05f991a2fffcfe548c333506f63"
"lib/x86/libxplat_perflogger_conversions_conversionsAndroid.so","5c47c81cdbd3993e1f9f2891573ef5f028776442a04de51c814bf8ca452e7025","com.meta.wearable:mwdat-core:0.8.0","jni/x86/libxplat_perflogger_conversions_conversionsAndroid.so","f7ea3aedefbda4884c515ea5ad071a7adda0b05f991a2fffcfe548c333506f63"
"lib/x86/libxplat_perflogger_health_counters_health_countersAndroid.so","ade7171925132e18f70a94c06cf3adc408977ecf492df68d0c77c8bacee3a1e3","com.meta.wearable:mwdat-core:0.8.0","jni/x86/libxplat_perflogger_health_counters_health_countersAndroid.so","f7ea3aedefbda4884c515ea5ad071a7adda0b05f991a2fffcfe548c333506f63"
"lib/x86/libxplat_perflogger_perfloggerAndroid.so","6bb50c5846c81ee03db9efdda543377d57fdcce98eedbafe3f98e89e36f51dce","com.meta.wearable:mwdat-core:0.8.0","jni/x86/libxplat_perflogger_perfloggerAndroid.so","f7ea3aedefbda4884c515ea5ad071a7adda0b05f991a2fffcfe548c333506f63"
"lib/x86/libxplat_perflogger_safe_rollout_qpl_safe_rolloutAndroid.so","d55d48d32fa23b96346b830755bd7518046077318a61397a5f8b08a094b04b3c","com.meta.wearable:mwdat-core:0.8.0","jni/x86/libxplat_perflogger_safe_rollout_qpl_safe_rolloutAndroid.so","f7ea3aedefbda4884c515ea5ad071a7adda0b05f991a2fffcfe548c333506f63"
"lib/x86/libxplat_perflogger_structured_data_structured_dataAndroid.so","44a663b1be94265c7a3da63e84fd504f645e301f131dbb9d99d53da9a78113bc","com.meta.wearable:mwdat-core:0.8.0","jni/x86/libxplat_perflogger_structured_data_structured_dataAndroid.so","f7ea3aedefbda4884c515ea5ad071a7adda0b05f991a2fffcfe548c333506f63"
"lib/x86/libxplat_perflogger_synchronization_synchronizationAndroid.so","a6661e5d88a4649098752bec5accab1c9207aa4a695bfee6801439b35dcccfa1","com.meta.wearable:mwdat-core:0.8.0","jni/x86/libxplat_perflogger_synchronization_synchronizationAndroid.so","f7ea3aedefbda4884c515ea5ad071a7adda0b05f991a2fffcfe548c333506f63"
"lib/x86/libxplat_perflogger_utils_utilsAndroid.so","45b1536000fe90c7ff4b754339bd9dd3d98744b31b28faee5b4eae99fce389f1","com.meta.wearable:mwdat-core:0.8.0","jni/x86/libxplat_perflogger_utils_utilsAndroid.so","f7ea3aedefbda4884c515ea5ad071a7adda0b05f991a2fffcfe548c333506f63"
"lib/x86/libxplat_secure_lib_secure_stringAndroid.so","455711ac27f75f00108f8646b1338470c882e2204d1d028e935167a28a93be77","com.meta.wearable:mwdat-camera:0.8.0","jni/x86/libxplat_secure_lib_secure_stringAndroid.so","e8b00fd7d1e412f7ff281c832b6e5773d4715baa879955bd783f0ad94656a67f"
"lib/x86/libxplat_wearable_3p_qpl_3PQPL.so","8b5d0ef80ba4fabc29a9523eff6663d9ff0f5c2eef9baff45f02ab16d19ed431","com.meta.wearable:mwdat-core:0.8.0","jni/x86/libxplat_wearable_3p_qpl_3PQPL.so","f7ea3aedefbda4884c515ea5ad071a7adda0b05f991a2fffcfe548c333506f63"
"lib/x86/libxplat_wearable_comms_calling_hera_engine_configurations_protobuf_nanopbwrapper_supportlibAndroid.so","b5236f00ca89da849277edeef7cf44ae1bd3a58c2b8e13eff89f46dace810488","com.meta.wearable:mwdat-camera:0.8.0","jni/x86/libxplat_wearable_comms_calling_hera_engine_configurations_protobuf_nanopbwrapper_supportlibAndroid.so","e8b00fd7d1e412f7ff281c832b6e5773d4715baa879955bd783f0ad94656a67f"
"lib/x86/libxplat_wearable_comms_calling_hera_shared_audio_audioAndroid.so","acf66199fcd20d8038f6dec1a895892db0f570fc0e692af3b44d9523392b1494","com.meta.wearable:mwdat-camera:0.8.0","jni/x86/libxplat_wearable_comms_calling_hera_shared_audio_audioAndroid.so","e8b00fd7d1e412f7ff281c832b6e5773d4715baa879955bd783f0ad94656a67f"
"lib/x86/libxplat_wearable_comms_calling_hera_shared_link_linkAndroid.so","1bae1a76020706ba73de36d952bb00d7023e97f4c8bcee409f3e836ed63dd440","com.meta.wearable:mwdat-camera:0.8.0","jni/x86/libxplat_wearable_comms_calling_hera_shared_link_linkAndroid.so","e8b00fd7d1e412f7ff281c832b6e5773d4715baa879955bd783f0ad94656a67f"
"lib/x86/libxplat_wearable_comms_calling_hera_shared_media_mediaAndroid.so","7feef6d266dc56aa79f7ab115055e4f726fa89aa16b7c83a039d0d1a43b00c14","com.meta.wearable:mwdat-camera:0.8.0","jni/x86/libxplat_wearable_comms_calling_hera_shared_media_mediaAndroid.so","e8b00fd7d1e412f7ff281c832b6e5773d4715baa879955bd783f0ad94656a67f"
"lib/x86/libxplat_wearable_comms_calling_hera_shared_video_passthrough_passthroughAndroid.so","bbf33cf1717e5cbf5c194e385c82265b7fcc3727efecd1ee48c765def3d798c5","com.meta.wearable:mwdat-camera:0.8.0","jni/x86/libxplat_wearable_comms_calling_hera_shared_video_passthrough_passthroughAndroid.so","e8b00fd7d1e412f7ff281c832b6e5773d4715baa879955bd783f0ad94656a67f"
"lib/x86/libxplat_wearable_comms_calling_hera_shared_video_videoAndroid.so","697c4f7f5f6c0099a9a8062a8a24cea1ad49132b16136d54bae5b868e3692b7a","com.meta.wearable:mwdat-camera:0.8.0","jni/x86/libxplat_wearable_comms_calling_hera_shared_video_videoAndroid.so","e8b00fd7d1e412f7ff281c832b6e5773d4715baa879955bd783f0ad94656a67f"
"lib/x86/libxplat_wearable_warp_core_api_impl_media_mediaAndroid.so","7d0b33d11f2b60a98d16c3021c79009356029f4260f3b20ffc96068c807a58a4","com.meta.wearable:mwdat-camera:0.8.0","jni/x86/libxplat_wearable_warp_core_api_impl_media_mediaAndroid.so","e8b00fd7d1e412f7ff281c832b6e5773d4715baa879955bd783f0ad94656a67f"
"lib/x86/libxplat_wearable_warp_core_api_impl_transport_device_transport_deviceAndroid.so","94caba2f456cccc6ad67100a50ba0c75559209e54e87b4a4e6effd431425644e","com.meta.wearable:mwdat-camera:0.8.0","jni/x86/libxplat_wearable_warp_core_api_impl_transport_device_transport_deviceAndroid.so","e8b00fd7d1e412f7ff281c832b6e5773d4715baa879955bd783f0ad94656a67f"
"lib/x86/libxplat_wearable_warp_core_api_impl_transport_transportAndroid.so","067507bc2ea1eca7661eea7fb787065ad19acc781163fee409b7479cc1e1d974","com.meta.wearable:mwdat-camera:0.8.0","jni/x86/libxplat_wearable_warp_core_api_impl_transport_transportAndroid.so","e8b00fd7d1e412f7ff281c832b6e5773d4715baa879955bd783f0ad94656a67f"
"lib/x86/libxplat_wearable_warp_core_impl_audio_passthrough_audio_passthroughAndroid.so","91a8ecc38adb0395c31a02a4e6fe05e801540fd455334b877fa10e0a667dff5e","com.meta.wearable:mwdat-camera:0.8.0","jni/x86/libxplat_wearable_warp_core_impl_audio_passthrough_audio_passthroughAndroid.so","e8b00fd7d1e412f7ff281c832b6e5773d4715baa879955bd783f0ad94656a67f"
"lib/x86/libxplat_wearable_warp_core_impl_media_mediaAndroid.so","f6e5732d83f8d2641a9fd377da2450233a9e89bf495b31f8719d1ca16dde2e27","com.meta.wearable:mwdat-camera:0.8.0","jni/x86/libxplat_wearable_warp_core_impl_media_mediaAndroid.so","e8b00fd7d1e412f7ff281c832b6e5773d4715baa879955bd783f0ad94656a67f"
"lib/x86/libxplat_wearable_warp_core_impl_observability_committers_null_committersAndroid.so","953811e5dab710730fbab30c1321d1dc869cc3cf666f8ff287f8ebedf99f690b","com.meta.wearable:mwdat-camera:0.8.0","jni/x86/libxplat_wearable_warp_core_impl_observability_committers_null_committersAndroid.so","e8b00fd7d1e412f7ff281c832b6e5773d4715baa879955bd783f0ad94656a67f"
"lib/x86/libxplat_wearable_warp_core_impl_observability_observabilityAndroid.so","8170d288cc1494cb9e9feda352bb4bd3d7c2cef1dd83ffe7210e17725bc8556d","com.meta.wearable:mwdat-camera:0.8.0","jni/x86/libxplat_wearable_warp_core_impl_observability_observabilityAndroid.so","e8b00fd7d1e412f7ff281c832b6e5773d4715baa879955bd783f0ad94656a67f"
"lib/x86/libxplat_wearable_warp_core_impl_observability_sessions_sessionsAndroid.so","edbc1a74cee46675d4e80b7a35cbee8b830fece71183718512557862c6ea0c40","com.meta.wearable:mwdat-camera:0.8.0","jni/x86/libxplat_wearable_warp_core_impl_observability_sessions_sessionsAndroid.so","e8b00fd7d1e412f7ff281c832b6e5773d4715baa879955bd783f0ad94656a67f"
"lib/x86/libxplat_wearable_warp_core_impl_transport_device_connection_device_connectionAndroid.so","7476bd7deb6fafa7535de40497e2b61da53f0c4281d4022d3be08282c9ddde1d","com.meta.wearable:mwdat-camera:0.8.0","jni/x86/libxplat_wearable_warp_core_impl_transport_device_connection_device_connectionAndroid.so","e8b00fd7d1e412f7ff281c832b6e5773d4715baa879955bd783f0ad94656a67f"
"lib/x86/libxplat_wearable_warp_core_impl_transport_dnia_dniaAndroid.so","bc3c7b26cd03a5cfc6b17e1363a82fd01d9fe7c8693dd10b82e889c5c957175d","com.meta.wearable:mwdat-camera:0.8.0","jni/x86/libxplat_wearable_warp_core_impl_transport_dnia_dniaAndroid.so","e8b00fd7d1e412f7ff281c832b6e5773d4715baa879955bd783f0ad94656a67f"
"lib/x86/libxplat_wearable_warp_core_impl_transport_queue_queueAndroid.so","10f19bf778b3aa8f37ba2868f00799a1d4512e36b58dbcdc3d1046e98a387e88","com.meta.wearable:mwdat-camera:0.8.0","jni/x86/libxplat_wearable_warp_core_impl_transport_queue_queueAndroid.so","e8b00fd7d1e412f7ff281c832b6e5773d4715baa879955bd783f0ad94656a67f"
"lib/x86/libxplat_wearable_warp_core_impl_video_passthrough_video_passthroughAndroid.so","4dea14b82be75f45599100666491a033e3e46511ea5770182bbe7955f7c550eb","com.meta.wearable:mwdat-camera:0.8.0","jni/x86/libxplat_wearable_warp_core_impl_video_passthrough_video_passthroughAndroid.so","e8b00fd7d1e412f7ff281c832b6e5773d4715baa879955bd783f0ad94656a67f"
"lib/x86/libxplat_wearable_warp_core_os_android_telemetry_atc_null_atc_telemetryAndroid.so","7224f39560c2c6f2e8b09c14e4c5cdbd8a224da2b6a849695ff22086d4d18624","com.meta.wearable:mwdat-camera:0.8.0","jni/x86/libxplat_wearable_warp_core_os_android_telemetry_atc_null_atc_telemetryAndroid.so","e8b00fd7d1e412f7ff281c832b6e5773d4715baa879955bd783f0ad94656a67f"
"lib/x86/libxplat_wearable_warp_exp_rtc_logging_loggingAndroid.so","653330cd438e2b38ee48673b204e65a22c556e5dcf0985f05d873fd0942de75f","com.meta.wearable:mwdat-camera:0.8.0","jni/x86/libxplat_wearable_warp_exp_rtc_logging_loggingAndroid.so","e8b00fd7d1e412f7ff281c832b6e5773d4715baa879955bd783f0ad94656a67f"
"lib/x86/libxplat_wearable_warp_utils_analytics_media_mediaAndroid.so","87cc1e04ad30be3775e9349fffd204e893d9b645e12f07a0c6badb240c650539","com.meta.wearable:mwdat-camera:0.8.0","jni/x86/libxplat_wearable_warp_utils_analytics_media_mediaAndroid.so","e8b00fd7d1e412f7ff281c832b6e5773d4715baa879955bd783f0ad94656a67f"
"lib/x86/libxplat_wearable_warp_utils_clock_clockAndroid.so","e7246793087cb7cd8c0e339f6e110c7c01f5dd6cb963178406dcb1fa3efda0e5","com.meta.wearable:mwdat-camera:0.8.0","jni/x86/libxplat_wearable_warp_utils_clock_clockAndroid.so","e8b00fd7d1e412f7ff281c832b6e5773d4715baa879955bd783f0ad94656a67f"
"lib/x86/libxplat_wearable_warp_utils_event_eventAndroid.so","2904946c92f12b24e07257441796415a49c7a7a287bee21dea43ad80d027f9ca","com.meta.wearable:mwdat-camera:0.8.0","jni/x86/libxplat_wearable_warp_utils_event_eventAndroid.so","e8b00fd7d1e412f7ff281c832b6e5773d4715baa879955bd783f0ad94656a67f"
"lib/x86/libxplat_wearable_warp_utils_h265_parser_null_h265_parser_nullAndroid.so","7e0bcfd9627d63fc2d795c7d2c150e0ff90cb3bb1d0251f09314eda0fcc1df57","com.meta.wearable:mwdat-camera:0.8.0","jni/x86/libxplat_wearable_warp_utils_h265_parser_null_h265_parser_nullAndroid.so","e8b00fd7d1e412f7ff281c832b6e5773d4715baa879955bd783f0ad94656a67f"
"lib/x86/libxplat_wearable_warp_utils_json_jsonAndroid.so","b5cd9ff94e51f65a6c1b34702e8e2201bd55521d3138863caa05a5fdb26e0d7f","com.meta.wearable:mwdat-camera:0.8.0","jni/x86/libxplat_wearable_warp_utils_json_jsonAndroid.so","e8b00fd7d1e412f7ff281c832b6e5773d4715baa879955bd783f0ad94656a67f"
"lib/x86/libxplat_wearable_warp_utils_log_logAndroid.so","3eba3678e179cc53c2a68bd47aeebff7b0f886ab86cf4a3f5e218cbfb0ec15d2","com.meta.wearable:mwdat-camera:0.8.0","jni/x86/libxplat_wearable_warp_utils_log_logAndroid.so","e8b00fd7d1e412f7ff281c832b6e5773d4715baa879955bd783f0ad94656a67f"
"lib/x86/libxplat_wearable_warp_utils_math_mathAndroid.so","7b2ac116d16da59c594108e422e32f58cbe6f675ced7b2a3c5fe3bf6c4285f01","com.meta.wearable:mwdat-camera:0.8.0","jni/x86/libxplat_wearable_warp_utils_math_mathAndroid.so","e8b00fd7d1e412f7ff281c832b6e5773d4715baa879955bd783f0ad94656a67f"
"lib/x86/libxplat_wearable_warp_utils_memory_memoryAndroid.so","d881deeda89dc678f30051e8e76bea2435cb77a8e8efa8e50b23b2b3bac2377a","com.meta.wearable:mwdat-camera:0.8.0","jni/x86/libxplat_wearable_warp_utils_memory_memoryAndroid.so","e8b00fd7d1e412f7ff281c832b6e5773d4715baa879955bd783f0ad94656a67f"
"lib/x86/libxplat_wearable_warp_utils_threads_platform_thread_scopeAndroid.so","4f964c8b781c761f12611872f80abb4e908002229e0315ac42c1a64e1ae7a478","com.meta.wearable:mwdat-camera:0.8.0","jni/x86/libxplat_wearable_warp_utils_threads_platform_thread_scopeAndroid.so","e8b00fd7d1e412f7ff281c832b6e5773d4715baa879955bd783f0ad94656a67f"
"lib/x86/libxplat_wearable_warp_utils_threads_threadsAndroid.so","31edcbf4d0cffc5c51776cc5463af4d9bd9a01d51a261be0b6be0225285f76aa","com.meta.wearable:mwdat-camera:0.8.0","jni/x86/libxplat_wearable_warp_utils_threads_threadsAndroid.so","e8b00fd7d1e412f7ff281c832b6e5773d4715baa879955bd783f0ad94656a67f"
"lib/x86/libxplat_wearable_warp_utils_tslog_null_engine_tslog_null_engineAndroid.so","3c1b865589399cd84b2bd95cd33042493c0b700f9ef7e8eeab95b1abae18db0c","com.meta.wearable:mwdat-camera:0.8.0","jni/x86/libxplat_wearable_warp_utils_tslog_null_engine_tslog_null_engineAndroid.so","e8b00fd7d1e412f7ff281c832b6e5773d4715baa879955bd783f0ad94656a67f"
"lib/x86/libxplat_wearable_xms_api_serviceAndroid.so","98217d8e354bf8275c0946e282913ec1b6d8c6ec454adc9bee9f891364706bbc","com.meta.wearable:mwdat-camera:0.8.0","jni/x86/libxplat_wearable_xms_api_serviceAndroid.so","e8b00fd7d1e412f7ff281c832b6e5773d4715baa879955bd783f0ad94656a67f"
"lib/x86/libxplat_wearable_xms_impl_client_clientAndroid.so","1ff2f5f16288249e51cfc27128d91cd1f00ea8567f3a8e29f2a8e806be0080d3","com.meta.wearable:mwdat-camera:0.8.0","jni/x86/libxplat_wearable_xms_impl_client_clientAndroid.so","e8b00fd7d1e412f7ff281c832b6e5773d4715baa879955bd783f0ad94656a67f"
"lib/x86/libxplat_wearable_xms_impl_providers_staticaudioconfigprovider_staticaudioconfigproviderAndroid.so","6d814b3bf566496a500547098788ba052643f586b8038cd7e536caee30875fbe","com.meta.wearable:mwdat-camera:0.8.0","jni/x86/libxplat_wearable_xms_impl_providers_staticaudioconfigprovider_staticaudioconfigproviderAndroid.so","e8b00fd7d1e412f7ff281c832b6e5773d4715baa879955bd783f0ad94656a67f"
"lib/x86/libxplat_wearable_xms_impl_providers_staticvideoconfigprovider_staticvideoconfigproviderAndroid.so","63afcbd4ba7c9445ec1dc68ee52708ccd5c82490de0dfd712cdf0b523a911987","com.meta.wearable:mwdat-camera:0.8.0","jni/x86/libxplat_wearable_xms_impl_providers_staticvideoconfigprovider_staticvideoconfigproviderAndroid.so","e8b00fd7d1e412f7ff281c832b6e5773d4715baa879955bd783f0ad94656a67f"
"lib/x86/libxplat_wearable_xms_impl_services_activitymanager_activitymanagerAndroid.so","242e990fab979bf40cb16ffc6b450d3cc8069d546c1d9291b0d2fc8d9739ce03","com.meta.wearable:mwdat-camera:0.8.0","jni/x86/libxplat_wearable_xms_impl_services_activitymanager_activitymanagerAndroid.so","e8b00fd7d1e412f7ff281c832b6e5773d4715baa879955bd783f0ad94656a67f"
"lib/x86/libxplat_wearable_xms_impl_services_controlchannel_controlchannelAndroid.so","16fd42dffaddd71751c33ae7812c26cf746fd67087c66b5416955f71673263b2","com.meta.wearable:mwdat-camera:0.8.0","jni/x86/libxplat_wearable_xms_impl_services_controlchannel_controlchannelAndroid.so","e8b00fd7d1e412f7ff281c832b6e5773d4715baa879955bd783f0ad94656a67f"
"lib/x86/libxplat_wearable_xms_impl_services_devicebuildinfo_devicebuildinfoAndroid.so","df790ffed2eb2818c2995e7e18dfeca0a65f1dd43fb162df5e2d648501076dd5","com.meta.wearable:mwdat-camera:0.8.0","jni/x86/libxplat_wearable_xms_impl_services_devicebuildinfo_devicebuildinfoAndroid.so","e8b00fd7d1e412f7ff281c832b6e5773d4715baa879955bd783f0ad94656a67f"
"lib/x86/libxplat_wearable_xms_impl_services_engagement_engagementAndroid.so","d4424371e0d14f771d76f01efe3bf50e520e95111125a29597f2bcf4c466164a","com.meta.wearable:mwdat-camera:0.8.0","jni/x86/libxplat_wearable_xms_impl_services_engagement_engagementAndroid.so","e8b00fd7d1e412f7ff281c832b6e5773d4715baa879955bd783f0ad94656a67f"
"lib/x86/libxplat_wearable_xms_impl_services_framestalldetector_framestalldetectorAndroid.so","c980ecadc77459017c7413c2284d85fcb9553477776eed810419d5c6bd6a51f7","com.meta.wearable:mwdat-camera:0.8.0","jni/x86/libxplat_wearable_xms_impl_services_framestalldetector_framestalldetectorAndroid.so","e8b00fd7d1e412f7ff281c832b6e5773d4715baa879955bd783f0ad94656a67f"
"lib/x86/libxplat_wearable_xms_impl_services_streamclient_streamclientAndroid.so","cf6e032303cef07e5357f57488e31a9c1e9a09cfb3da8dfd0541dd58cb450732","com.meta.wearable:mwdat-camera:0.8.0","jni/x86/libxplat_wearable_xms_impl_services_streamclient_streamclientAndroid.so","e8b00fd7d1e412f7ff281c832b6e5773d4715baa879955bd783f0ad94656a67f"
"lib/x86/libxplat_wearable_xms_impl_services_subscription_subscriptionAndroid.so","88559bac1d2955bc897ef9993fed818f9f8b3aa456a26f6fd0b8998f2d6d8183","com.meta.wearable:mwdat-camera:0.8.0","jni/x86/libxplat_wearable_xms_impl_services_subscription_subscriptionAndroid.so","e8b00fd7d1e412f7ff281c832b6e5773d4715baa879955bd783f0ad94656a67f"
"lib/x86/libxplat_wearable_xms_impl_services_warpstreamclient_warpstreamclientAndroid.so","62d2374b77ed5a61ccfdf96d106eb02a6c30addd861059900bf9343681a6cbe7","com.meta.wearable:mwdat-camera:0.8.0","jni/x86/libxplat_wearable_xms_impl_services_warpstreamclient_warpstreamclientAndroid.so","e8b00fd7d1e412f7ff281c832b6e5773d4715baa879955bd783f0ad94656a67f"
"lib/x86/libxplat_wearable_xms_impl_session_sessionAndroid.so","7fd5d2d70af15a209be1af788994eafe02e055edab2e50c79a4a298025ee7057","com.meta.wearable:mwdat-camera:0.8.0","jni/x86/libxplat_wearable_xms_impl_session_sessionAndroid.so","e8b00fd7d1e412f7ff281c832b6e5773d4715baa879955bd783f0ad94656a67f"
"lib/x86/libxplat_wearable_xms_impl_utils_serializer_serializerAndroid.so","3295ab5455af6503f28e6740ba87fbd3cc4fd53d11493b41e93798e58c45ebc2","com.meta.wearable:mwdat-camera:0.8.0","jni/x86/libxplat_wearable_xms_impl_utils_serializer_serializerAndroid.so","e8b00fd7d1e412f7ff281c832b6e5773d4715baa879955bd783f0ad94656a67f"
"lib/x86_64/libairbridge_jni.so","9f5a8c3685ccfc1245c93d074b8da18fefbb8138c05dc247e92e61f16dea95cc","com.meta.wearable:mwdat-core:0.8.0","jni/x86_64/libairbridge_jni.so","f7ea3aedefbda4884c515ea5ad071a7adda0b05f991a2fffcfe548c333506f63"
"lib/x86_64/libairshield_light_mbed_jni.so","338648d8005a3c1750b9b25390a9c560b273634821aca28d4a07533750d9f66f","com.meta.wearable:mwdat-core:0.8.0","jni/x86_64/libairshield_light_mbed_jni.so","f7ea3aedefbda4884c515ea5ad071a7adda0b05f991a2fffcfe548c333506f63"
"lib/x86_64/libandroidx.graphics.path.so","4e56c996f13670e70082658de7880c4020eabf4f25e43387f88ed78a713fc9f0","androidx.graphics:graphics-path:1.0.1","jni/x86_64/libandroidx.graphics.path.so","8ca4032b6d79b351f0b59ad4b580eddbb9423e1652f7c958830687f1eee2ec03"
"lib/x86_64/libc++_shared.so","0a2c7afa35b183fdd5a3cb20e2080ad54cbea06c2a4f0bc8f122cb7d1e9e0b9f","com.facebook.fbjni:fbjni:0.7.0","jni/x86_64/libc++_shared.so","7e319ae110ac5e5ef18904170aea5c3e753e915d196699d7fd39d36c8e1dfe36"
"lib/x86_64/libconnection_jni.so","50aa9bd8d6bbdcb72a9f065fd05e6b7f3c14dc38e0b3f02bb06529e478f924d3","com.meta.wearable:mwdat-camera:0.8.0","jni/x86_64/libconnection_jni.so","e8b00fd7d1e412f7ff281c832b6e5773d4715baa879955bd783f0ad94656a67f"
"lib/x86_64/libdatastore_shared_counter.so","c3973140a0e6144a83e7dd7ee3c4e161f42181591feda254e12c8395d3bbacd0","androidx.datastore:datastore-core-android:1.2.1","jni/x86_64/libdatastore_shared_counter.so","435edad7bcb1fbb1a2a46de7be4d6daf299479b3328ebf757ebdfe02810cbdd8"
"lib/x86_64/libdatax_jni_local.so","0ec25b8444b8dbb19be004d241e3f25fa554e7bd3616fd45810c72d1995a1d47","com.meta.wearable:mwdat-core:0.8.0","jni/x86_64/libdatax_jni_local.so","f7ea3aedefbda4884c515ea5ad071a7adda0b05f991a2fffcfe548c333506f63"
"lib/x86_64/libdouble-conversion.so","96460f967d0c4d573f1221a909fe90de0b97122f27cb0bd668d503aafa20dfd1","com.meta.wearable:mwdat-core:0.8.0","jni/x86_64/libdouble-conversion.so","f7ea3aedefbda4884c515ea5ad071a7adda0b05f991a2fffcfe548c333506f63"
"lib/x86_64/libfb.so","b8a42f2b146364dbc21213f6f8f3bbcc87f3d4d61aafec293ef6dd584f88fd20","com.meta.wearable:mwdat-core:0.8.0","jni/x86_64/libfb.so","f7ea3aedefbda4884c515ea5ad071a7adda0b05f991a2fffcfe548c333506f63"
"lib/x86_64/libfbjni.so","a51410366a0394e05bc04052cfb237c70dcf7d4d53a56e1d00a041436cb0b653","com.facebook.fbjni:fbjni:0.7.0","jni/x86_64/libfbjni.so","7e319ae110ac5e5ef18904170aea5c3e753e915d196699d7fd39d36c8e1dfe36"
"lib/x86_64/libfbjni_kt.so","57db28641879f5c8c5d07f5c9497b6b0a4a9426723a3a376467a560a5a385f17","com.meta.wearable:mwdat-core:0.8.0","jni/x86_64/libfbjni_kt.so","f7ea3aedefbda4884c515ea5ad071a7adda0b05f991a2fffcfe548c333506f63"
"lib/x86_64/libfbsofterror.so","708b7c424043d13217b8fefe9ae959fb8b9f4fcfa1e8743b71fe3bbfa12ff327","com.meta.wearable:mwdat-core:0.8.0","jni/x86_64/libfbsofterror.so","f7ea3aedefbda4884c515ea5ad071a7adda0b05f991a2fffcfe548c333506f63"
"lib/x86_64/libfmt.so","2678bdb591ed2b627bebb32df06aabdb7b7286c3e3fbe56030ab9e2700084a7c","com.meta.wearable:mwdat-core:0.8.0","jni/x86_64/libfmt.so","f7ea3aedefbda4884c515ea5ad071a7adda0b05f991a2fffcfe548c333506f63"
"lib/x86_64/libglog.so","5263ebe006c2a81134ba5013604b2ccc379c75edce1bb31a09315bc8f624aa5d","com.meta.wearable:mwdat-core:0.8.0","jni/x86_64/libglog.so","f7ea3aedefbda4884c515ea5ad071a7adda0b05f991a2fffcfe548c333506f63"
"lib/x86_64/libimage_processing_util_jni.so","676e3e280c10dcb9b71ef5bb727552610dc73c7ec85af54c7c898f82785c33d7","androidx.camera:camera-core:1.4.1","jni/x86_64/libimage_processing_util_jni.so","6c77068806cf259bbaa7ed955935bf2cd16dc103feb32f7ae3d55823fc9fcfc7"
"lib/x86_64/libjingle_peerconnection_so.so","38eace238b774c49d79cac1553065912cf646d999c9e56d3e1f20ad41765a3ce","io.github.webrtc-sdk:android:125.6422.07","jni/x86_64/libjingle_peerconnection_so.so","a0ae793a4539f0da6fc9b71806ace876e50b008c30c66fd2ec5eee38ee030474"
"lib/x86_64/libmanifest_jni.so","b2f4eeab34b5ae4bca083361ffe409432cd0b34027f4cc0ceb7a2add24097c2a","com.meta.wearable:mwdat-core:0.8.0","jni/x86_64/libmanifest_jni.so","f7ea3aedefbda4884c515ea5ad071a7adda0b05f991a2fffcfe548c333506f63"
"lib/x86_64/libsession_jni.so","59749e5ab043fb3b93bcd97f17b66528251e5ac163e5aacfb432aa01e775dcbb","com.meta.wearable:mwdat-camera:0.8.0","jni/x86_64/libsession_jni.so","e8b00fd7d1e412f7ff281c832b6e5773d4715baa879955bd783f0ad94656a67f"
"lib/x86_64/libsurface_util_jni.so","cd425e10a365fb3695e53f1e46227d44d89f14854da4f1258ef079c80c752339","androidx.camera:camera-core:1.4.1","jni/x86_64/libsurface_util_jni.so","6c77068806cf259bbaa7ed955935bf2cd16dc103feb32f7ae3d55823fc9fcfc7"
"lib/x86_64/libwearable_qpl3p.so","f2da2a905671cd064594aa034ee409825fec7a9001cc2e3f54741e084072ffd5","com.meta.wearable:mwdat-core:0.8.0","jni/x86_64/libwearable_qpl3p.so","f7ea3aedefbda4884c515ea5ad071a7adda0b05f991a2fffcfe548c333506f63"
"lib/x86_64/libxplat_mobilenetwork_third-party_mbedtls3_cryptoAndroid.so","9debc65f0035acbad4b63ff39eeeba7020216f394b1f27f3c831dddb021b339b","com.meta.wearable:mwdat-core:0.8.0","jni/x86_64/libxplat_mobilenetwork_third-party_mbedtls3_cryptoAndroid.so","f7ea3aedefbda4884c515ea5ad071a7adda0b05f991a2fffcfe548c333506f63"
"lib/x86_64/libxplat_perflogger_base_baseAndroid.so","53e25885c9115b8a587b2beb6b32de7fe003219af7fd5d5ea7001fe189058c97","com.meta.wearable:mwdat-core:0.8.0","jni/x86_64/libxplat_perflogger_base_baseAndroid.so","f7ea3aedefbda4884c515ea5ad071a7adda0b05f991a2fffcfe548c333506f63"
"lib/x86_64/libxplat_perflogger_base_qpl_codegen_metadataAndroid.so","5e6cbf14ecd12e898513141b11f99b4b43ecfa7def255c91872aa68e64d4fbfa","com.meta.wearable:mwdat-core:0.8.0","jni/x86_64/libxplat_perflogger_base_qpl_codegen_metadataAndroid.so","f7ea3aedefbda4884c515ea5ad071a7adda0b05f991a2fffcfe548c333506f63"
"lib/x86_64/libxplat_perflogger_conversions_conversionsAndroid.so","080b43dc6e6ceecd535ccc169349f52a84a67f5b4498535d76c2bef67e2a4564","com.meta.wearable:mwdat-core:0.8.0","jni/x86_64/libxplat_perflogger_conversions_conversionsAndroid.so","f7ea3aedefbda4884c515ea5ad071a7adda0b05f991a2fffcfe548c333506f63"
"lib/x86_64/libxplat_perflogger_health_counters_health_countersAndroid.so","d64c82b34e7f84019bc5ea8821123c4b697f2f4ac02d15e7ed97077e3ff7cd17","com.meta.wearable:mwdat-core:0.8.0","jni/x86_64/libxplat_perflogger_health_counters_health_countersAndroid.so","f7ea3aedefbda4884c515ea5ad071a7adda0b05f991a2fffcfe548c333506f63"
"lib/x86_64/libxplat_perflogger_perfloggerAndroid.so","08a38584fd936ebfe39901af3a0bebbcda95f35b0339a0861a3e106e0e9633f7","com.meta.wearable:mwdat-core:0.8.0","jni/x86_64/libxplat_perflogger_perfloggerAndroid.so","f7ea3aedefbda4884c515ea5ad071a7adda0b05f991a2fffcfe548c333506f63"
"lib/x86_64/libxplat_perflogger_safe_rollout_qpl_safe_rolloutAndroid.so","f39a6401db4d491d4414758f2c239a0997d95d3b8ac569fb2ac599321c833a60","com.meta.wearable:mwdat-core:0.8.0","jni/x86_64/libxplat_perflogger_safe_rollout_qpl_safe_rolloutAndroid.so","f7ea3aedefbda4884c515ea5ad071a7adda0b05f991a2fffcfe548c333506f63"
"lib/x86_64/libxplat_perflogger_structured_data_structured_dataAndroid.so","55eb37fd60dc2477e7532de5f6ee6898425b85ba2492baca808cda7ca22eda9e","com.meta.wearable:mwdat-core:0.8.0","jni/x86_64/libxplat_perflogger_structured_data_structured_dataAndroid.so","f7ea3aedefbda4884c515ea5ad071a7adda0b05f991a2fffcfe548c333506f63"
"lib/x86_64/libxplat_perflogger_synchronization_synchronizationAndroid.so","5ff9eaa68d5f94a6211945edf6e8fba86445cedb9f7e4c373140bbc5472de084","com.meta.wearable:mwdat-core:0.8.0","jni/x86_64/libxplat_perflogger_synchronization_synchronizationAndroid.so","f7ea3aedefbda4884c515ea5ad071a7adda0b05f991a2fffcfe548c333506f63"
"lib/x86_64/libxplat_perflogger_utils_utilsAndroid.so","4ba735d2dfc89b130611ac3275795452661404765c0191f81cd2e494fb8baec8","com.meta.wearable:mwdat-core:0.8.0","jni/x86_64/libxplat_perflogger_utils_utilsAndroid.so","f7ea3aedefbda4884c515ea5ad071a7adda0b05f991a2fffcfe548c333506f63"
"lib/x86_64/libxplat_secure_lib_secure_stringAndroid.so","cd71d95fa5f0a7e7cb320f3a3b0f5f8863768c21e699ee3096bcb7c93f83004d","com.meta.wearable:mwdat-camera:0.8.0","jni/x86_64/libxplat_secure_lib_secure_stringAndroid.so","e8b00fd7d1e412f7ff281c832b6e5773d4715baa879955bd783f0ad94656a67f"
"lib/x86_64/libxplat_wearable_3p_qpl_3PQPL.so","48d9a97019315a05b3bfe853a4e4814c1a6496b58189bea301f723e73aafacb2","com.meta.wearable:mwdat-core:0.8.0","jni/x86_64/libxplat_wearable_3p_qpl_3PQPL.so","f7ea3aedefbda4884c515ea5ad071a7adda0b05f991a2fffcfe548c333506f63"
"lib/x86_64/libxplat_wearable_comms_calling_hera_engine_configurations_protobuf_nanopbwrapper_supportlibAndroid.so","45cb82af5e11a1001ee8120fab88dc00c3ea27ec97c04c8b2395687edd6e9b92","com.meta.wearable:mwdat-camera:0.8.0","jni/x86_64/libxplat_wearable_comms_calling_hera_engine_configurations_protobuf_nanopbwrapper_supportlibAndroid.so","e8b00fd7d1e412f7ff281c832b6e5773d4715baa879955bd783f0ad94656a67f"
"lib/x86_64/libxplat_wearable_comms_calling_hera_shared_audio_audioAndroid.so","c1cdd8949e132f524c86e6fbbf9c869002f694643fb1da7b8c323454e02474d6","com.meta.wearable:mwdat-camera:0.8.0","jni/x86_64/libxplat_wearable_comms_calling_hera_shared_audio_audioAndroid.so","e8b00fd7d1e412f7ff281c832b6e5773d4715baa879955bd783f0ad94656a67f"
"lib/x86_64/libxplat_wearable_comms_calling_hera_shared_link_linkAndroid.so","c78d79211fbc9a300e458ca38200918ef659955b4395c8ea2971b8dfbde22e84","com.meta.wearable:mwdat-camera:0.8.0","jni/x86_64/libxplat_wearable_comms_calling_hera_shared_link_linkAndroid.so","e8b00fd7d1e412f7ff281c832b6e5773d4715baa879955bd783f0ad94656a67f"
"lib/x86_64/libxplat_wearable_comms_calling_hera_shared_media_mediaAndroid.so","dea6e66fef94ace4545ecb3d792dc5ac7c451f991b474bdaa7d217c8f4f9e5bc","com.meta.wearable:mwdat-camera:0.8.0","jni/x86_64/libxplat_wearable_comms_calling_hera_shared_media_mediaAndroid.so","e8b00fd7d1e412f7ff281c832b6e5773d4715baa879955bd783f0ad94656a67f"
"lib/x86_64/libxplat_wearable_comms_calling_hera_shared_video_passthrough_passthroughAndroid.so","bd0f9359c30874a39d23cea7bb7e75ebcfeafb6f41a8fbb43594e42c3daa62bf","com.meta.wearable:mwdat-camera:0.8.0","jni/x86_64/libxplat_wearable_comms_calling_hera_shared_video_passthrough_passthroughAndroid.so","e8b00fd7d1e412f7ff281c832b6e5773d4715baa879955bd783f0ad94656a67f"
"lib/x86_64/libxplat_wearable_comms_calling_hera_shared_video_videoAndroid.so","3a2dff8194f45474fc31ae67205453db8054ade4811ba6743d51eb0819653e03","com.meta.wearable:mwdat-camera:0.8.0","jni/x86_64/libxplat_wearable_comms_calling_hera_shared_video_videoAndroid.so","e8b00fd7d1e412f7ff281c832b6e5773d4715baa879955bd783f0ad94656a67f"
"lib/x86_64/libxplat_wearable_warp_core_api_impl_media_mediaAndroid.so","a6f8148a1e88e8247abda1d7dfbbe1e64b3490b61791a28a37eb44bffa247ee5","com.meta.wearable:mwdat-camera:0.8.0","jni/x86_64/libxplat_wearable_warp_core_api_impl_media_mediaAndroid.so","e8b00fd7d1e412f7ff281c832b6e5773d4715baa879955bd783f0ad94656a67f"
"lib/x86_64/libxplat_wearable_warp_core_api_impl_transport_device_transport_deviceAndroid.so","8e5bd44fff5f739745c6b0e15338c8f0fcf7c54ff46356b2bf44f1d654e7ff30","com.meta.wearable:mwdat-camera:0.8.0","jni/x86_64/libxplat_wearable_warp_core_api_impl_transport_device_transport_deviceAndroid.so","e8b00fd7d1e412f7ff281c832b6e5773d4715baa879955bd783f0ad94656a67f"
"lib/x86_64/libxplat_wearable_warp_core_api_impl_transport_transportAndroid.so","39793812dc2607184f9991a1956b1e0bc164369751948b7385232b0c22fd8b7d","com.meta.wearable:mwdat-camera:0.8.0","jni/x86_64/libxplat_wearable_warp_core_api_impl_transport_transportAndroid.so","e8b00fd7d1e412f7ff281c832b6e5773d4715baa879955bd783f0ad94656a67f"
"lib/x86_64/libxplat_wearable_warp_core_impl_audio_passthrough_audio_passthroughAndroid.so","27c7354f4d38bf3f1187390e8986c66603e2559b3a104e8f4dc9872cb438764e","com.meta.wearable:mwdat-camera:0.8.0","jni/x86_64/libxplat_wearable_warp_core_impl_audio_passthrough_audio_passthroughAndroid.so","e8b00fd7d1e412f7ff281c832b6e5773d4715baa879955bd783f0ad94656a67f"
"lib/x86_64/libxplat_wearable_warp_core_impl_media_mediaAndroid.so","ffa5077b87d7e6eeae9d9dca2a7609b28081682fe432d4d52b4855a7acc80c6f","com.meta.wearable:mwdat-camera:0.8.0","jni/x86_64/libxplat_wearable_warp_core_impl_media_mediaAndroid.so","e8b00fd7d1e412f7ff281c832b6e5773d4715baa879955bd783f0ad94656a67f"
"lib/x86_64/libxplat_wearable_warp_core_impl_observability_committers_null_committersAndroid.so","bc2fd04fe45f29ae18e8cd99844a20a8b3f5c19b2e4dedb347b43352552c9a44","com.meta.wearable:mwdat-camera:0.8.0","jni/x86_64/libxplat_wearable_warp_core_impl_observability_committers_null_committersAndroid.so","e8b00fd7d1e412f7ff281c832b6e5773d4715baa879955bd783f0ad94656a67f"
"lib/x86_64/libxplat_wearable_warp_core_impl_observability_observabilityAndroid.so","303bab201aae88bc905712f73e8835f83d5736fa714511b821d68df4932a51e4","com.meta.wearable:mwdat-camera:0.8.0","jni/x86_64/libxplat_wearable_warp_core_impl_observability_observabilityAndroid.so","e8b00fd7d1e412f7ff281c832b6e5773d4715baa879955bd783f0ad94656a67f"
"lib/x86_64/libxplat_wearable_warp_core_impl_observability_sessions_sessionsAndroid.so","42092a4002352c2cb1af64d6227e7a64ee3f4ce6f2fff03ed9f5f720c1d76e0c","com.meta.wearable:mwdat-camera:0.8.0","jni/x86_64/libxplat_wearable_warp_core_impl_observability_sessions_sessionsAndroid.so","e8b00fd7d1e412f7ff281c832b6e5773d4715baa879955bd783f0ad94656a67f"
"lib/x86_64/libxplat_wearable_warp_core_impl_transport_device_connection_device_connectionAndroid.so","1e77cce268d5e9e2d6cb219477aa56f00b685050968096e4157f5dc8bca83e4e","com.meta.wearable:mwdat-camera:0.8.0","jni/x86_64/libxplat_wearable_warp_core_impl_transport_device_connection_device_connectionAndroid.so","e8b00fd7d1e412f7ff281c832b6e5773d4715baa879955bd783f0ad94656a67f"
"lib/x86_64/libxplat_wearable_warp_core_impl_transport_dnia_dniaAndroid.so","7f615bcba4223bb7a4b7f55e27ef5d6605d3af14f1436c4800e77ef316543906","com.meta.wearable:mwdat-camera:0.8.0","jni/x86_64/libxplat_wearable_warp_core_impl_transport_dnia_dniaAndroid.so","e8b00fd7d1e412f7ff281c832b6e5773d4715baa879955bd783f0ad94656a67f"
"lib/x86_64/libxplat_wearable_warp_core_impl_transport_queue_queueAndroid.so","8dc8f27f57380019b579be21ff92e61a83e35fdf2e4b860c94764d1172388a4c","com.meta.wearable:mwdat-camera:0.8.0","jni/x86_64/libxplat_wearable_warp_core_impl_transport_queue_queueAndroid.so","e8b00fd7d1e412f7ff281c832b6e5773d4715baa879955bd783f0ad94656a67f"
"lib/x86_64/libxplat_wearable_warp_core_impl_video_passthrough_video_passthroughAndroid.so","a06a163aec0a3679dc0949b668c6f2e8f7612331566d0c728a81abfef8f73583","com.meta.wearable:mwdat-camera:0.8.0","jni/x86_64/libxplat_wearable_warp_core_impl_video_passthrough_video_passthroughAndroid.so","e8b00fd7d1e412f7ff281c832b6e5773d4715baa879955bd783f0ad94656a67f"
"lib/x86_64/libxplat_wearable_warp_core_os_android_telemetry_atc_null_atc_telemetryAndroid.so","69340ab29f62b1c178adca1e1063b06c68bd881aec759018c7d15188b4c09d18","com.meta.wearable:mwdat-camera:0.8.0","jni/x86_64/libxplat_wearable_warp_core_os_android_telemetry_atc_null_atc_telemetryAndroid.so","e8b00fd7d1e412f7ff281c832b6e5773d4715baa879955bd783f0ad94656a67f"
"lib/x86_64/libxplat_wearable_warp_exp_rtc_logging_loggingAndroid.so","82d6ea605f8699a3b18dbb0f2180ee3a340362d23909798a489fd14de723578d","com.meta.wearable:mwdat-camera:0.8.0","jni/x86_64/libxplat_wearable_warp_exp_rtc_logging_loggingAndroid.so","e8b00fd7d1e412f7ff281c832b6e5773d4715baa879955bd783f0ad94656a67f"
"lib/x86_64/libxplat_wearable_warp_utils_analytics_media_mediaAndroid.so","48c4c5c90173f02239965b344bbefc0126a5668f69519bb60eac5bd4f3a600d7","com.meta.wearable:mwdat-camera:0.8.0","jni/x86_64/libxplat_wearable_warp_utils_analytics_media_mediaAndroid.so","e8b00fd7d1e412f7ff281c832b6e5773d4715baa879955bd783f0ad94656a67f"
"lib/x86_64/libxplat_wearable_warp_utils_clock_clockAndroid.so","0aa480115f73ac8694161377e86a871b39dceab1b3e1f9f0e61ef5bc5e54cab8","com.meta.wearable:mwdat-camera:0.8.0","jni/x86_64/libxplat_wearable_warp_utils_clock_clockAndroid.so","e8b00fd7d1e412f7ff281c832b6e5773d4715baa879955bd783f0ad94656a67f"
"lib/x86_64/libxplat_wearable_warp_utils_event_eventAndroid.so","0bba14fbe7930e374874bb115c854c1882db29f267a0f49c0d3f789dee21e639","com.meta.wearable:mwdat-camera:0.8.0","jni/x86_64/libxplat_wearable_warp_utils_event_eventAndroid.so","e8b00fd7d1e412f7ff281c832b6e5773d4715baa879955bd783f0ad94656a67f"
"lib/x86_64/libxplat_wearable_warp_utils_h265_parser_null_h265_parser_nullAndroid.so","3620d73734ef97dcb3536f93590ce9da68ec23bb339df838c500ad3fa7e05054","com.meta.wearable:mwdat-camera:0.8.0","jni/x86_64/libxplat_wearable_warp_utils_h265_parser_null_h265_parser_nullAndroid.so","e8b00fd7d1e412f7ff281c832b6e5773d4715baa879955bd783f0ad94656a67f"
"lib/x86_64/libxplat_wearable_warp_utils_json_jsonAndroid.so","8eb0b417210605002b860476895f495ca5849b34c3e3f18eb4467411f00e1826","com.meta.wearable:mwdat-camera:0.8.0","jni/x86_64/libxplat_wearable_warp_utils_json_jsonAndroid.so","e8b00fd7d1e412f7ff281c832b6e5773d4715baa879955bd783f0ad94656a67f"
"lib/x86_64/libxplat_wearable_warp_utils_log_logAndroid.so","702db1d32487b82cd0301790bf25e17b4f0f2e8dfd1ee89cfa47a8f9ce2866ae","com.meta.wearable:mwdat-camera:0.8.0","jni/x86_64/libxplat_wearable_warp_utils_log_logAndroid.so","e8b00fd7d1e412f7ff281c832b6e5773d4715baa879955bd783f0ad94656a67f"
"lib/x86_64/libxplat_wearable_warp_utils_math_mathAndroid.so","80337376e1e58a41750f8ea698b8dbb97b833173758f0056b1946d13727102b3","com.meta.wearable:mwdat-camera:0.8.0","jni/x86_64/libxplat_wearable_warp_utils_math_mathAndroid.so","e8b00fd7d1e412f7ff281c832b6e5773d4715baa879955bd783f0ad94656a67f"
"lib/x86_64/libxplat_wearable_warp_utils_memory_memoryAndroid.so","f713ccfd61579df403dd6819421a6f367e9758ba97e6bbafb78dbe9eedf87ba3","com.meta.wearable:mwdat-camera:0.8.0","jni/x86_64/libxplat_wearable_warp_utils_memory_memoryAndroid.so","e8b00fd7d1e412f7ff281c832b6e5773d4715baa879955bd783f0ad94656a67f"
"lib/x86_64/libxplat_wearable_warp_utils_threads_platform_thread_scopeAndroid.so","b37852cf4a5953ab3dfa030eec1023f527c06155f79eabe07ff89d39a4adaa47","com.meta.wearable:mwdat-camera:0.8.0","jni/x86_64/libxplat_wearable_warp_utils_threads_platform_thread_scopeAndroid.so","e8b00fd7d1e412f7ff281c832b6e5773d4715baa879955bd783f0ad94656a67f"
"lib/x86_64/libxplat_wearable_warp_utils_threads_threadsAndroid.so","f66799c0bceb41214c7c2e4fe671ef98c8bcf141e2384780173d3902a9b5d648","com.meta.wearable:mwdat-camera:0.8.0","jni/x86_64/libxplat_wearable_warp_utils_threads_threadsAndroid.so","e8b00fd7d1e412f7ff281c832b6e5773d4715baa879955bd783f0ad94656a67f"
"lib/x86_64/libxplat_wearable_warp_utils_tslog_null_engine_tslog_null_engineAndroid.so","276fe88a409610cad53e68351a35522dcfea4b2cbc712c518499426bc2ac9c4b","com.meta.wearable:mwdat-camera:0.8.0","jni/x86_64/libxplat_wearable_warp_utils_tslog_null_engine_tslog_null_engineAndroid.so","e8b00fd7d1e412f7ff281c832b6e5773d4715baa879955bd783f0ad94656a67f"
"lib/x86_64/libxplat_wearable_xms_api_serviceAndroid.so","a8b87443c4fc872a63ffb27b6e7eb4cf3bb97b84d77c5f6bfa86d8ea3ec6d3b0","com.meta.wearable:mwdat-camera:0.8.0","jni/x86_64/libxplat_wearable_xms_api_serviceAndroid.so","e8b00fd7d1e412f7ff281c832b6e5773d4715baa879955bd783f0ad94656a67f"
"lib/x86_64/libxplat_wearable_xms_impl_client_clientAndroid.so","3dbe202d94ddf0c73805046e598db1a2e397a7f072d1c5ff15403d35cbfbbc19","com.meta.wearable:mwdat-camera:0.8.0","jni/x86_64/libxplat_wearable_xms_impl_client_clientAndroid.so","e8b00fd7d1e412f7ff281c832b6e5773d4715baa879955bd783f0ad94656a67f"
"lib/x86_64/libxplat_wearable_xms_impl_providers_staticaudioconfigprovider_staticaudioconfigproviderAndroid.so","3578405a2b4ba914c1c81835dd34db3f9bea56ea73cc3600cefbfe3713af2846","com.meta.wearable:mwdat-camera:0.8.0","jni/x86_64/libxplat_wearable_xms_impl_providers_staticaudioconfigprovider_staticaudioconfigproviderAndroid.so","e8b00fd7d1e412f7ff281c832b6e5773d4715baa879955bd783f0ad94656a67f"
"lib/x86_64/libxplat_wearable_xms_impl_providers_staticvideoconfigprovider_staticvideoconfigproviderAndroid.so","65c2bda311c8ec4af2c666894e323bedf6685a307409806695b882f02530dc23","com.meta.wearable:mwdat-camera:0.8.0","jni/x86_64/libxplat_wearable_xms_impl_providers_staticvideoconfigprovider_staticvideoconfigproviderAndroid.so","e8b00fd7d1e412f7ff281c832b6e5773d4715baa879955bd783f0ad94656a67f"
"lib/x86_64/libxplat_wearable_xms_impl_services_activitymanager_activitymanagerAndroid.so","08dc468f463d5df76029f3dbf7c362a4441eaac3cf0762c592a0d1cf4af3b697","com.meta.wearable:mwdat-camera:0.8.0","jni/x86_64/libxplat_wearable_xms_impl_services_activitymanager_activitymanagerAndroid.so","e8b00fd7d1e412f7ff281c832b6e5773d4715baa879955bd783f0ad94656a67f"
"lib/x86_64/libxplat_wearable_xms_impl_services_controlchannel_controlchannelAndroid.so","cc7a6f0501d76c32530f27b8bb773a03b6e8159ac403b479630a672986701c24","com.meta.wearable:mwdat-camera:0.8.0","jni/x86_64/libxplat_wearable_xms_impl_services_controlchannel_controlchannelAndroid.so","e8b00fd7d1e412f7ff281c832b6e5773d4715baa879955bd783f0ad94656a67f"
"lib/x86_64/libxplat_wearable_xms_impl_services_devicebuildinfo_devicebuildinfoAndroid.so","72f0fecd33f2bfab9f911141174676bddb49f7a8fc1775e9829818b5b33f9a21","com.meta.wearable:mwdat-camera:0.8.0","jni/x86_64/libxplat_wearable_xms_impl_services_devicebuildinfo_devicebuildinfoAndroid.so","e8b00fd7d1e412f7ff281c832b6e5773d4715baa879955bd783f0ad94656a67f"
"lib/x86_64/libxplat_wearable_xms_impl_services_engagement_engagementAndroid.so","48193e2a4548036d2cbd07bbcbb81d2e9fc6ffb20fa9d22cf0b3c0329d6a50a4","com.meta.wearable:mwdat-camera:0.8.0","jni/x86_64/libxplat_wearable_xms_impl_services_engagement_engagementAndroid.so","e8b00fd7d1e412f7ff281c832b6e5773d4715baa879955bd783f0ad94656a67f"
"lib/x86_64/libxplat_wearable_xms_impl_services_framestalldetector_framestalldetectorAndroid.so","328c9b7d95938747acfd5263aa8ecb89c65d5b0a1652c17cc08bc87140140074","com.meta.wearable:mwdat-camera:0.8.0","jni/x86_64/libxplat_wearable_xms_impl_services_framestalldetector_framestalldetectorAndroid.so","e8b00fd7d1e412f7ff281c832b6e5773d4715baa879955bd783f0ad94656a67f"
"lib/x86_64/libxplat_wearable_xms_impl_services_streamclient_streamclientAndroid.so","f8bfbe409b328fc8c6d45468f73e2c9f4df2b85f922558931519c62060031413","com.meta.wearable:mwdat-camera:0.8.0","jni/x86_64/libxplat_wearable_xms_impl_services_streamclient_streamclientAndroid.so","e8b00fd7d1e412f7ff281c832b6e5773d4715baa879955bd783f0ad94656a67f"
"lib/x86_64/libxplat_wearable_xms_impl_services_subscription_subscriptionAndroid.so","16e43ef05180a5e4a570fdc9f8457cc2a3e82108d5f677bd7ac1293b2dfe6f38","com.meta.wearable:mwdat-camera:0.8.0","jni/x86_64/libxplat_wearable_xms_impl_services_subscription_subscriptionAndroid.so","e8b00fd7d1e412f7ff281c832b6e5773d4715baa879955bd783f0ad94656a67f"
"lib/x86_64/libxplat_wearable_xms_impl_services_warpstreamclient_warpstreamclientAndroid.so","d06d8c8bb35c1db9686f091ab42711360e41bfaba14a96d37d721bd3e7a1b419","com.meta.wearable:mwdat-camera:0.8.0","jni/x86_64/libxplat_wearable_xms_impl_services_warpstreamclient_warpstreamclientAndroid.so","e8b00fd7d1e412f7ff281c832b6e5773d4715baa879955bd783f0ad94656a67f"
"lib/x86_64/libxplat_wearable_xms_impl_session_sessionAndroid.so","e1f6f6cac17db431a302c07bbcf40a12caea2407a82db629f872f69b79ec2b2a","com.meta.wearable:mwdat-camera:0.8.0","jni/x86_64/libxplat_wearable_xms_impl_session_sessionAndroid.so","e8b00fd7d1e412f7ff281c832b6e5773d4715baa879955bd783f0ad94656a67f"
"lib/x86_64/libxplat_wearable_xms_impl_utils_serializer_serializerAndroid.so","8562f02815c69cc0e6f902647db61e9e7d53e2b3a8634937a0da96cdf802adb1","com.meta.wearable:mwdat-camera:0.8.0","jni/x86_64/libxplat_wearable_xms_impl_utils_serializer_serializerAndroid.so","e8b00fd7d1e412f7ff281c832b6e5773d4715baa879955bd783f0ad94656a67f"
